ticker,name,market,is_kospi200
127120,제이에스링크,KOSDAQ,No
011040,경동제약,KOSDAQ,No
280360,롯데웰푸드,KOSPI,Yes
290650,엘앤씨바이오,KOSDAQ,No
214450,파마리서치,KOSDAQ,No
017650,대림제지,KOSDAQ,No
016710,대성홀딩스,KOSPI,No
044450,KSS해운,KOSPI,No
432320,KB스타리츠,KOSPI,No
003280,흥아해운,KOSPI,No
442310,대신밸런스제14호스팩,KOSDAQ,No
024720,콜마홀딩스,KOSPI,No
001755,한양증권우,KOSPI,No
294630,서남,KOSDAQ,No
462510,라메디텍,KOSDAQ,No
352910,오비고,KOSDAQ,No
089600,KT나스미디어,KOSDAQ,No
012450,한화에어로스페이스,KOSPI,Yes
026150,특수건설,KOSDAQ,No
396690,미래에셋글로벌리츠,KOSPI,No
109820,진매트릭스,KOSDAQ,No
013700,까뮤이앤씨,KOSPI,No
245620,EDGC,KOSDAQ,No
195940,HK이노엔,KOSDAQ,No
376180,피코그램,KOSDAQ,No
232680,라온테크,KOSDAQ,No
207940,삼성바이오로직스,KOSPI,Yes
265520,AP시스템,KOSDAQ,No
039130,하나투어,KOSPI,Yes
199730,바이오인프라,KOSDAQ,No
031860,디에이치엑스컴퍼니,KOSDAQ,No
033290,코웰패션,KOSDAQ,No
034310,NICE,KOSPI,No
025620,제이준코스메틱,KOSPI,No
122690,서진오토모티브,KOSDAQ,No
003925,남양유업우,KOSPI,No
024880,케이피에프,KOSDAQ,No
215090,솔디펜스,KOSDAQ,No
105560,KB금융,KOSPI,Yes
002450,삼익악기,KOSPI,No
066970,엘앤에프,KOSPI,Yes
004910,조광페인트,KOSPI,No
177900,쓰리에이로직스,KOSDAQ,No
047820,초록뱀미디어,KOSDAQ,No
347740,피엔케이피부임상연구센타,KOSDAQ,No
192250,케이사인,KOSDAQ,No
187220,디티앤씨,KOSDAQ,No
004690,삼천리,KOSPI,No
049830,승일,KOSDAQ,No
204210,스타에스엠리츠,KOSPI,No
032830,삼성생명,KOSPI,Yes
294140,레몬,KOSDAQ,No
108490,로보티즈,KOSDAQ,No
066360,체리부로,KOSDAQ,No
004650,창해에탄올,KOSDAQ,No
003380,하림지주,KOSDAQ,No
011150,CJ씨푸드,KOSPI,No
142210,유니트론텍,KOSDAQ,No
261780,차백신연구소,KOSDAQ,No
028050,삼성E&A,KOSPI,Yes
035290,골드앤에스,KOSDAQ,No
032860,더라미,KOSDAQ,No
094820,일진파워,KOSDAQ,No
003670,포스코퓨처엠,KOSPI,Yes
004020,현대제철,KOSPI,Yes
049800,우진플라임,KOSPI,No
018680,서울제약,KOSDAQ,No
335810,프리시젼바이오,KOSDAQ,No
004700,조광피혁,KOSPI,No
445090,에이직랜드,KOSDAQ,No
02826K,삼성물산우B,KOSPI,No
395400,SK리츠,KOSPI,No
187660,현대ADM,KOSDAQ,No
096530,씨젠,KOSDAQ,No
234100,폴라리스세원,KOSDAQ,No
290550,디케이티,KOSDAQ,No
033320,제이씨현시스템,KOSDAQ,No
288980,모아데이타,KOSDAQ,No
090080,평화산업,KOSPI,No
008870,금비,KOSPI,No
107640,한중엔시에스,KOSDAQ,No
114630,폴라리스우노,KOSDAQ,No
271830,팸텍,KOSDAQ,No
445970,신영스팩9호,KOSDAQ,No
475430,키스트론,KOSDAQ,No
291230,엔피,KOSDAQ,No
432470,케이엔에스,KOSDAQ,No
043090,더테크놀로지,KOSDAQ,No
007390,네이처셀,KOSDAQ,No
120240,대정화금,KOSDAQ,No
388050,지투파워,KOSDAQ,No
084680,이월드,KOSPI,No
137400,피엔티,KOSDAQ,No
277880,티에스아이,KOSDAQ,No
438700,버넥트,KOSDAQ,No
052710,아모텍,KOSDAQ,No
015750,성우하이텍,KOSDAQ,No
033540,파라텍,KOSDAQ,No
000810,삼성화재,KOSPI,Yes
031440,신세계푸드,KOSPI,No
093050,LF,KOSPI,No
009420,한올바이오파마,KOSPI,Yes
014440,영보화학,KOSPI,No
307870,비투엔,KOSDAQ,No
023530,롯데쇼핑,KOSPI,Yes
010640,진양폴리,KOSPI,No
002630,오리엔트바이오,KOSPI,No
457940,에스케이증권제10호스팩,KOSDAQ,No
047400,유니온머티리얼,KOSPI,No
001275,부국증권우,KOSPI,No
049720,고려신용정보,KOSDAQ,No
115310,인포바인,KOSDAQ,No
140070,서플러스글로벌,KOSDAQ,No
149980,하이로닉,KOSDAQ,No
199430,케이엔알시스템,KOSDAQ,No
079430,현대리바트,KOSPI,No
219420,링크제니시스,KOSDAQ,No
430220,신영스팩8호,KOSDAQ,No
019990,에너토크,KOSDAQ,No
229000,젠큐릭스,KOSDAQ,No
466410,사이냅소프트,KOSDAQ,No
263750,펄어비스,KOSDAQ,No
086450,동국제약,KOSDAQ,No
015360,INVENI,KOSPI,No
475250,하나33호스팩,KOSDAQ,No
065570,삼영이엔씨,KOSDAQ,No
091970,나노캠텍,KOSDAQ,No
084695,대상홀딩스우,KOSPI,No
003680,한성기업,KOSPI,No
104480,티케이케미칼,KOSDAQ,No
451220,아이엠티,KOSDAQ,No
117580,대성에너지,KOSPI,No
015860,일진홀딩스,KOSPI,No
267790,배럴,KOSDAQ,No
322780,코퍼스코리아,KOSDAQ,No
057880,푸른소나무,KOSDAQ,No
005800,신영와코루,KOSPI,No
004170,신세계,KOSPI,Yes
024910,경창산업,KOSDAQ,No
243840,신흥에스이씨,KOSDAQ,No
008355,남선알미우,KOSPI,No
036930,주성엔지니어링,KOSDAQ,No
498390,한화플러스제5호스팩,KOSDAQ,No
013570,디와이,KOSPI,No
038290,마크로젠,KOSDAQ,No
083420,그린케미칼,KOSPI,No
002680,한탑,KOSDAQ,No
009970,영원무역홀딩스,KOSPI,Yes
093380,풍강,KOSDAQ,No
352480,씨앤씨인터내셔널,KOSDAQ,No
018250,애경산업,KOSPI,No
025880,케이씨피드,KOSDAQ,No
030610,교보증권,KOSPI,No
060280,큐렉소,KOSDAQ,No
074430,아미노로직스,KOSDAQ,No
012320,경동인베스트,KOSPI,No
411080,샌즈랩,KOSDAQ,No
023800,인지컨트롤스,KOSPI,No
499790,GS피앤엘,KOSPI,No
019660,글로본,KOSDAQ,No
017480,삼현철강,KOSDAQ,No
071840,롯데하이마트,KOSPI,No
047560,이스트소프트,KOSDAQ,No
000885,한화우,KOSPI,No
282720,금양그린파워,KOSDAQ,No
373110,엑셀세라퓨틱스,KOSDAQ,No
013890,지누스,KOSPI,No
373200,엑스플러스,KOSDAQ,No
034830,한국토지신탁,KOSPI,No
080530,코디,KOSDAQ,No
052670,제일바이오,KOSDAQ,No
010400,우진아이엔에스,KOSPI,No
298020,효성티앤씨,KOSPI,Yes
900100,애머릿지,KOSDAQ,No
036620,감성코퍼레이션,KOSDAQ,No
048470,대동스틸,KOSDAQ,No
004920,씨아이테크,KOSPI,No
279600,미디어젠,KOSDAQ,No
048530,인트론바이오,KOSDAQ,No
048910,대원미디어,KOSDAQ,No
005740,크라운해태홀딩스,KOSPI,No
051490,나라엠앤디,KOSDAQ,No
217730,강스템바이오텍,KOSDAQ,No
053620,태양,KOSDAQ,No
465480,인스피언,KOSDAQ,No
207760,미스터블루,KOSDAQ,No
000950,전방,KOSPI,No
039740,한국정보공학,KOSDAQ,No
023770,플레이위드,KOSDAQ,No
241790,티이엠씨씨엔에스,KOSDAQ,No
110790,크리스에프앤씨,KOSDAQ,No
475240,하나32호스팩,KOSDAQ,No
482690,대신밸런스제19호스팩,KOSDAQ,No
004380,삼익THK,KOSPI,No
000540,흥국화재,KOSPI,No
298060,에스씨엠생명과학,KOSDAQ,No
104540,코렌텍,KOSDAQ,No
469750,아이비젼웍스,KOSDAQ,No
001800,오리온홀딩스,KOSPI,Yes
015760,한국전력,KOSPI,Yes
101240,씨큐브,KOSDAQ,No
462870,시프트업,KOSPI,No
108230,톱텍,KOSDAQ,No
297570,알로이스,KOSDAQ,No
038680,에스넷,KOSDAQ,No
078935,GS우,KOSPI,No
224110,에이텍모빌리티,KOSDAQ,No
007590,동방아그로,KOSPI,No
051600,한전KPS,KOSPI,Yes
352820,하이브,KOSPI,Yes
012030,DB,KOSPI,No
014130,한익스프레스,KOSPI,No
016880,웅진,KOSPI,No
018260,삼성에스디에스,KOSPI,Yes
475460,미트박스,KOSDAQ,No
100220,비상교육,KOSPI,No
219750,한국비티비,KOSDAQ,No
138070,신진에스엠,KOSDAQ,No
128660,피제이메탈,KOSDAQ,No
009460,한창제지,KOSPI,No
487720,키움제10호스팩,KOSDAQ,No
007460,에이프로젠,KOSPI,No
002360,SH에너지화학,KOSPI,No
360350,코셈,KOSDAQ,No
456040,OCI,KOSPI,Yes
052300,오션인더블유,KOSDAQ,No
064240,홈캐스트,KOSDAQ,No
025560,미래산업,KOSPI,No
006840,AK홀딩스,KOSPI,No
088130,동아엘텍,KOSDAQ,No
000430,대원강업,KOSPI,No
011200,HMM,KOSPI,Yes
044990,에이치엔에스하이텍,KOSDAQ,No
034220,LG디스플레이,KOSPI,Yes
002150,도화엔지니어링,KOSPI,No
013520,화승코퍼레이션,KOSPI,No
012620,원일특강,KOSDAQ,No
064850,에프앤가이드,KOSDAQ,No
18064K,한진칼우,KOSPI,No
088280,쏘닉스,KOSDAQ,No
474930,신한제13호스팩,KOSDAQ,No
450050,하이제8호스팩,KOSDAQ,No
005830,DB손해보험,KOSPI,Yes
308430,셀비온,KOSDAQ,No
001560,제일연마,KOSPI,No
160190,하이젠알앤엠,KOSDAQ,No
086670,비엠티,KOSDAQ,No
080720,한국유니온제약,KOSDAQ,No
298050,HS효성첨단소재,KOSPI,Yes
003070,코오롱글로벌,KOSPI,No
095700,제넥신,KOSDAQ,No
005385,현대차우,KOSPI,No
005290,동진쎄미켐,KOSDAQ,No
332370,아이디피,KOSDAQ,No
121800,비덴트,KOSDAQ,No
267290,경동도시가스,KOSPI,No
005950,이수화학,KOSPI,No
001040,CJ,KOSPI,Yes
373170,엠아이큐브솔루션,KOSDAQ,No
241690,유니테크노,KOSDAQ,No
355690,에이텀,KOSDAQ,No
086060,진바이오텍,KOSDAQ,No
277410,인산가,KOSDAQ,No
004985,성신양회우,KOSPI,No
000970,한국주철관,KOSPI,No
025860,남해화학,KOSPI,No
216050,인크로스,KOSDAQ,No
012340,뉴인텍,KOSDAQ,No
169330,엠브레인,KOSDAQ,No
079950,인베니아,KOSDAQ,No
225220,제놀루션,KOSDAQ,No
151860,KG에코솔루션,KOSDAQ,No
161580,필옵틱스,KOSDAQ,No
489460,바이오비쥬,KOSDAQ,No
140520,대창스틸,KOSDAQ,No
033180,KH 필룩스,KOSPI,No
009540,HD한국조선해양,KOSPI,Yes
056700,신화인터텍,KOSDAQ,No
475580,에이럭스,KOSDAQ,No
066575,LG전자우,KOSPI,No
469880,하나30호스팩,KOSDAQ,No
081150,티플랙스,KOSDAQ,No
462350,이노스페이스,KOSDAQ,No
080010,이상네트웍스,KOSDAQ,No
054410,케이피티유,KOSDAQ,No
042420,네오위즈홀딩스,KOSDAQ,No
039840,디오,KOSDAQ,No
016580,환인제약,KOSPI,No
004710,한솔테크닉스,KOSPI,No
003480,한진중공업홀딩스,KOSPI,No
006260,LS,KOSPI,Yes
096770,SK이노베이션,KOSPI,Yes
33626L,두산퓨얼셀2우B,KOSPI,No
354200,엔젠바이오,KOSDAQ,No
034810,해성산업,KOSDAQ,No
238090,앤디포스,KOSDAQ,No
26490K,크라운제과우,KOSPI,No
137080,나래나노텍,KOSDAQ,No
101530,해태제과식품,KOSPI,No
019680,대교,KOSPI,No
009580,무림P&P,KOSPI,No
071320,지역난방공사,KOSPI,Yes
001527,동양2우B,KOSPI,No
069140,누리플랜,KOSDAQ,No
099750,이지케어텍,KOSDAQ,No
019540,일지테크,KOSDAQ,No
003030,세아제강지주,KOSPI,Yes
453450,그리드위즈,KOSDAQ,No
002380,KCC,KOSPI,Yes
012700,리드코프,KOSDAQ,No
089850,유비벨록스,KOSDAQ,No
061040,알에프텍,KOSDAQ,No
415380,스튜디오삼익,KOSDAQ,No
039030,이오테크닉스,KOSDAQ,No
064400,LG씨엔에스,KOSPI,No
005960,동부건설,KOSPI,No
006800,미래에셋증권,KOSPI,Yes
102280,쌍방울,KOSPI,No
455180,케이지에이,KOSDAQ,No
100120,뷰웍스,KOSDAQ,No
113810,디젠스,KOSDAQ,No
092460,한라IMS,KOSDAQ,No
451760,컨텍,KOSDAQ,No
000650,천일고속,KOSPI,No
060560,홈센타홀딩스,KOSDAQ,No
010960,삼호개발,KOSPI,No
317770,엑스페릭스,KOSDAQ,No
091810,티웨이항공,KOSPI,No
059270,해성에어로보틱스,KOSDAQ,No
377480,마음AI,KOSDAQ,No
002820,SUN&L,KOSPI,No
138490,코오롱ENP,KOSPI,No
282880,코윈테크,KOSDAQ,No
083660,CSA 코스믹,KOSDAQ,No
081660,미스토홀딩스,KOSPI,Yes
000020,동화약품,KOSPI,No
475960,토모큐브,KOSDAQ,No
376300,디어유,KOSDAQ,No
452400,이닉스,KOSDAQ,No
036120,서울평가정보,KOSDAQ,No
024850,HLB이노베이션,KOSDAQ,No
232140,와이씨,KOSDAQ,No
036810,에프에스티,KOSDAQ,No
007540,샘표,KOSPI,No
017860,DS단석,KOSPI,No
014710,사조씨푸드,KOSPI,No
302430,이노메트리,KOSDAQ,No
090150,아이윈,KOSDAQ,No
082920,비츠로셀,KOSDAQ,No
098460,고영,KOSDAQ,No
057030,YBM넷,KOSDAQ,No
124560,태웅로직스,KOSDAQ,No
066430,와이오엠,KOSDAQ,No
479960,위너스,KOSDAQ,No
051905,LG생활건강우,KOSPI,No
003530,한화투자증권,KOSPI,No
139130,iM금융지주,KOSPI,Yes
058430,포스코스틸리온,KOSPI,No
214370,케어젠,KOSDAQ,No
067170,오텍,KOSDAQ,No
004590,한국가구,KOSDAQ,No
197140,디지캡,KOSDAQ,No
108860,셀바스AI,KOSDAQ,No
263050,유틸렉스,KOSDAQ,No
030000,제일기획,KOSPI,Yes
000120,CJ대한통운,KOSPI,Yes
145270,케이탑리츠,KOSPI,No
317690,퀀타매트릭스,KOSDAQ,No
140410,메지온,KOSDAQ,No
289930,웨이비스,KOSDAQ,No
043260,성호전자,KOSDAQ,No
236810,엔비티,KOSDAQ,No
000155,두산우,KOSPI,No
111770,영원무역,KOSPI,Yes
025820,이구산업,KOSPI,No
026040,제이에스티나,KOSDAQ,No
225430,케이엠제약,KOSDAQ,No
001740,SK네트웍스,KOSPI,No
043710,서울리거,KOSDAQ,No
448730,삼성FN리츠,KOSPI,No
054800,아이디스홀딩스,KOSDAQ,No
011070,LG이노텍,KOSPI,Yes
014470,부방,KOSDAQ,No
214390,경보제약,KOSPI,No
200230,텔콘RF제약,KOSDAQ,No
100840,SNT에너지,KOSPI,No
416180,신성에스티,KOSDAQ,No
052330,코텍,KOSDAQ,No
024890,대원화성,KOSPI,No
000050,경방,KOSPI,No
145990,삼양사,KOSPI,No
006740,영풍제지,KOSPI,No
225530,보광산업,KOSDAQ,No
362990,드림인사이트,KOSDAQ,No
065420,에스아이리소스,KOSDAQ,No
006880,신송홀딩스,KOSPI,No
036630,세종텔레콤,KOSDAQ,No
477470,미래에셋비전스팩5호,KOSDAQ,No
098660,에스티오,KOSDAQ,No
191420,테고사이언스,KOSDAQ,No
357430,마스턴프리미어리츠,KOSPI,No
014200,광림,KOSDAQ,No
067310,하나마이크론,KOSDAQ,No
065650,하이퍼코퍼레이션,KOSDAQ,No
298830,슈어소프트테크,KOSDAQ,No
344860,이노진,KOSDAQ,No
250000,보라티알,KOSDAQ,No
067280,멀티캠퍼스,KOSDAQ,No
063080,컴투스홀딩스,KOSDAQ,No
010120,LS ELECTRIC,KOSPI,Yes
009730,이렘,KOSDAQ,No
250060,모비스,KOSDAQ,No
000490,대동,KOSPI,No
095270,웨이브일렉트로,KOSDAQ,No
060370,LS마린솔루션,KOSDAQ,No
900250,크리스탈신소재,KOSDAQ,No
068240,다원시스,KOSDAQ,No
095190,이엠코리아,KOSDAQ,No
123420,위메이드플레이,KOSDAQ,No
072710,농심홀딩스,KOSPI,No
147830,제룡산업,KOSDAQ,No
000320,노루홀딩스,KOSPI,No
089860,롯데렌탈,KOSPI,No
046970,우리로,KOSDAQ,No
010820,퍼스텍,KOSPI,No
024810,이화전기,KOSDAQ,No
367000,플래티어,KOSDAQ,No
476470,KB제28호스팩,KOSDAQ,No
105550,엣지파운드리,KOSDAQ,No
003490,대한항공,KOSPI,Yes
452160,제이엔비,KOSDAQ,No
054630,에이디칩스,KOSDAQ,No
124500,아이티센글로벌,KOSDAQ,No
001430,세아베스틸지주,KOSPI,Yes
177350,베셀,KOSDAQ,No
271560,오리온,KOSPI,Yes
215600,신라젠,KOSDAQ,No
267260,HD현대일렉트릭,KOSPI,Yes
001810,무림SP,KOSDAQ,No
044060,조광ILI,KOSDAQ,No
063570,NICE인프라,KOSDAQ,No
058970,엠로,KOSDAQ,No
036180,지더블유바이텍,KOSDAQ,No
004310,현대약품,KOSPI,No
002070,비비안,KOSPI,No
452980,신한제11호스팩,KOSDAQ,No
285800,진영,KOSDAQ,No
053950,경남제약,KOSDAQ,No
131090,시큐브,KOSDAQ,No
487360,신한제14호스팩,KOSDAQ,No
265740,엔에프씨,KOSDAQ,No
131970,두산테스나,KOSDAQ,No
362320,청담글로벌,KOSDAQ,No
146320,비씨엔씨,KOSDAQ,No
026940,부국철강,KOSPI,No
053580,웹케시,KOSDAQ,No
101140,인바이오젠,KOSPI,No
143240,사람인,KOSDAQ,No
044340,위닉스,KOSDAQ,No
448760,IBKS제22호스팩,KOSDAQ,No
123750,알톤,KOSDAQ,No
364950,에이아이코리아,KOSDAQ,No
016610,DB증권,KOSPI,No
065060,지엔코,KOSDAQ,No
173130,오파스넷,KOSDAQ,No
247540,에코프로비엠,KOSDAQ,No
477760,DB금융스팩12호,KOSDAQ,No
293480,하나제약,KOSPI,No
380540,옵티코어,KOSDAQ,No
048550,SM C&C,KOSDAQ,No
131180,딜리,KOSDAQ,No
451700,엔에이치스팩29호,KOSDAQ,No
00499K,롯데지주우,KOSPI,No
455900,엔젤로보틱스,KOSDAQ,No
021080,에이티넘인베스트,KOSDAQ,No
461030,아이엠비디엑스,KOSDAQ,No
267270,HD현대건설기계,KOSPI,No
389500,에스비비테크,KOSDAQ,No
258830,세종메디칼,KOSDAQ,No
064350,현대로템,KOSPI,Yes
248170,샘표식품,KOSPI,No
001070,대한방직,KOSPI,No
473050,유안타제15호스팩,KOSDAQ,No
014910,성문전자,KOSPI,No
007370,진양제약,KOSDAQ,No
040300,YTN,KOSDAQ,No
378340,필에너지,KOSDAQ,No
069330,유아이디,KOSDAQ,No
209640,와이제이링크,KOSDAQ,No
078520,에이블씨엔씨,KOSPI,No
199800,툴젠,KOSDAQ,No
028670,팬오션,KOSPI,Yes
006200,한국전자홀딩스,KOSPI,No
136540,윈스테크넷,KOSDAQ,No
103140,풍산,KOSPI,Yes
067160,SOOP,KOSDAQ,No
052790,액토즈소프트,KOSDAQ,No
065370,위세아이텍,KOSDAQ,No
027830,대성창투,KOSDAQ,No
002240,고려제강,KOSPI,No
432430,와이랩,KOSDAQ,No
064480,브리지텍,KOSDAQ,No
419540,비스토스,KOSDAQ,No
054920,한컴위드,KOSDAQ,No
330350,위더스제약,KOSDAQ,No
001515,SK증권우,KOSPI,No
042110,에스씨디,KOSDAQ,No
016590,신대양제지,KOSPI,No
319660,피에스케이,KOSDAQ,No
018500,동원금속,KOSPI,No
079900,전진건설로봇,KOSPI,No
002785,진흥기업우B,KOSPI,No
043220,티에스넥스젠,KOSDAQ,No
041520,이엘씨,KOSDAQ,No
005710,대원산업,KOSDAQ,No
323280,태성,KOSDAQ,No
049430,코메론,KOSDAQ,No
004720,팜젠사이언스,KOSPI,No
489210,교보17호스팩,KOSDAQ,No
045510,정원엔시스,KOSDAQ,No
052400,코나아이,KOSDAQ,No
148250,알엔투테크놀로지,KOSDAQ,No
096610,알에프세미,KOSDAQ,No
115500,케이씨에스,KOSDAQ,No
289080,SV인베스트먼트,KOSDAQ,No
334890,이지스밸류플러스리츠,KOSPI,No
036570,엔씨소프트,KOSPI,Yes
093520,매커스,KOSDAQ,No
444530,심플랫폼,KOSDAQ,No
050120,ES큐브,KOSDAQ,No
249420,일동제약,KOSPI,No
036200,유니셈,KOSDAQ,No
001380,SG글로벌,KOSPI,No
009900,명신산업,KOSPI,No
244460,올리패스,KOSDAQ,No
192410,오늘이엔엠,KOSDAQ,No
027580,상보,KOSDAQ,No
037230,한국팩키지,KOSDAQ,No
222800,심텍,KOSDAQ,No
000480,CR홀딩스,KOSPI,No
004890,동일산업,KOSPI,No
070960,모나용평,KOSPI,No
290670,대보마그네틱,KOSDAQ,No
234340,헥토파이낸셜,KOSDAQ,No
058450,한주에이알티,KOSDAQ,No
340810,시선AI,KOSDAQ,No
357230,에이치피오,KOSDAQ,No
051380,피씨디렉트,KOSDAQ,No
000270,기아,KOSPI,Yes
006345,대원전선우,KOSPI,No
357550,석경에이티,KOSDAQ,No
052020,에스티큐브,KOSDAQ,No
204610,티쓰리,KOSDAQ,No
348150,고바이오랩,KOSDAQ,No
162300,신스틸,KOSDAQ,No
214330,금호에이치티,KOSPI,No
007860,서연,KOSPI,No
057540,옴니시스템,KOSDAQ,No
072950,빛샘전자,KOSDAQ,No
171120,라이온켐텍,KOSDAQ,No
099430,바이오플러스,KOSDAQ,No
384470,코어라인소프트,KOSDAQ,No
060310,3S,KOSDAQ,No
058730,다스코,KOSPI,No
328380,솔트웨어,KOSDAQ,No
061970,LB세미콘,KOSDAQ,No
001720,신영증권,KOSPI,No
011090,에넥스,KOSPI,No
194370,제이에스코퍼레이션,KOSPI,No
073540,에프알텍,KOSDAQ,No
036220,오상헬스케어,KOSDAQ,No
317870,엔바이오니아,KOSDAQ,No
014580,태경비케이,KOSPI,No
008930,한미사이언스,KOSPI,Yes
005500,삼진제약,KOSPI,No
068760,셀트리온제약,KOSDAQ,No
005420,코스모화학,KOSPI,Yes
060260,뉴보텍,KOSDAQ,No
004360,세방,KOSPI,No
095340,ISC,KOSDAQ,No
086520,에코프로,KOSDAQ,No
067630,HLB생명과학,KOSDAQ,No
111870,KH 미래물산,KOSDAQ,No
016360,삼성증권,KOSPI,Yes
170920,엘티씨,KOSDAQ,No
189300,인텔리안테크,KOSDAQ,No
008110,대동전자,KOSPI,No
489790,한화비전,KOSPI,Yes
005360,모나미,KOSPI,No
219550,디와이디,KOSDAQ,No
214270,FSN,KOSDAQ,No
019210,와이지-원,KOSDAQ,No
044820,코스맥스비티아이,KOSPI,No
184230,SGA솔루션즈,KOSDAQ,No
016920,카스,KOSDAQ,No
007815,코리아써우,KOSPI,No
221800,유투바이오,KOSDAQ,No
014100,메디앙스,KOSDAQ,No
073240,금호타이어,KOSPI,Yes
006405,삼성SDI우,KOSPI,No
032080,아즈텍WB,KOSDAQ,No
090435,아모레퍼시픽우,KOSPI,No
900300,오가닉티코스메틱,KOSDAQ,No
383800,LX홀딩스,KOSPI,No
298690,에어부산,KOSPI,No
454910,두산로보틱스,KOSPI,Yes
481890,엔에이치스팩31호,KOSDAQ,No
377460,위니아에이드,KOSDAQ,No
067000,조이시티,KOSDAQ,No
036890,진성티이씨,KOSDAQ,No
286750,나노실리칸첨단소재,KOSDAQ,No
199820,제일일렉트릭,KOSDAQ,No
179900,유티아이,KOSDAQ,No
009450,경동나비엔,KOSPI,No
424760,벨로크,KOSDAQ,No
000300,DH오토넥스,KOSPI,No
148780,비큐AI,KOSDAQ,No
298040,효성중공업,KOSPI,Yes
034940,조아제약,KOSDAQ,No
102260,동성케미컬,KOSPI,No
053300,한국정보인증,KOSDAQ,No
215360,우리산업,KOSDAQ,No
078600,대주전자재료,KOSDAQ,No
123700,SJM,KOSPI,No
293490,카카오게임즈,KOSDAQ,No
005320,온타이드,KOSPI,No
083550,케이엠,KOSDAQ,No
303530,이노뎁,KOSDAQ,No
086960,MDS테크,KOSDAQ,No
373160,데이원컴퍼니,KOSDAQ,No
001065,JW중외제약우,KOSPI,No
115530,씨엔플러스,KOSDAQ,No
086390,유니테스트,KOSDAQ,No
223310,딥마인드,KOSDAQ,No
041830,인바디,KOSDAQ,No
452200,민테크,KOSDAQ,No
004250,NPC,KOSPI,No
039240,경남스틸,KOSDAQ,No
237820,플레이디,KOSDAQ,No
017550,수산세보틱스,KOSPI,No
263810,상신전자,KOSDAQ,No
205470,휴마시스,KOSDAQ,No
005490,POSCO홀딩스,KOSPI,Yes
453860,에이에스텍,KOSDAQ,No
382840,원준,KOSDAQ,No
460860,동국제강,KOSPI,No
314130,지놈앤컴퍼니,KOSDAQ,No
004830,덕성,KOSPI,No
234920,자이글,KOSDAQ,No
094940,푸른기술,KOSDAQ,No
020000,한섬,KOSPI,No
221840,하이즈항공,KOSDAQ,No
024940,PN풍년,KOSDAQ,No
479880,한국제15호스팩,KOSDAQ,No
003495,대한항공우,KOSPI,No
294090,이오플로우,KOSDAQ,No
000240,한국앤컴퍼니,KOSPI,Yes
418420,라온텍,KOSDAQ,No
003310,대주산업,KOSDAQ,No
147760,피엠티,KOSDAQ,No
310870,디와이씨,KOSDAQ,No
144960,뉴파워프라즈마,KOSDAQ,No
442130,유진스팩9호,KOSDAQ,No
004560,현대비앤지스틸,KOSPI,No
330590,롯데리츠,KOSPI,No
009310,참엔지니어링,KOSPI,No
264900,크라운제과,KOSPI,No
299030,하나기술,KOSDAQ,No
087260,모바일어플라이언스,KOSDAQ,No
001940,KISCO홀딩스,KOSPI,No
900110,이스트아시아홀딩스,KOSDAQ,No
126730,코칩,KOSDAQ,No
037950,엘컴텍,KOSDAQ,No
002170,삼양통상,KOSPI,No
131760,파인텍,KOSDAQ,No
006060,화승인더,KOSPI,No
474650,링크솔루션,KOSDAQ,No
079190,케스피온,KOSDAQ,No
035080,그래디언트,KOSDAQ,No
069960,현대백화점,KOSPI,Yes
043910,자연과환경,KOSDAQ,No
230980,비유테크놀러지,KOSDAQ,No
096240,크레버스,KOSDAQ,No
092790,넥스틸,KOSPI,No
075580,세진중공업,KOSPI,No
056090,시지메드텍,KOSDAQ,No
03473K,SK우,KOSPI,No
045300,성우테크론,KOSDAQ,No
008770,호텔신라,KOSPI,Yes
142760,모아라이프플러스,KOSDAQ,No
004255,NPC우,KOSPI,No
191410,육일씨엔에쓰,KOSDAQ,No
439580,블루엠텍,KOSDAQ,No
068100,케이웨더,KOSDAQ,No
122310,제노레이,KOSDAQ,No
194480,데브시스터즈,KOSDAQ,No
36328K,티와이홀딩스우,KOSPI,No
003800,에이스침대,KOSDAQ,No
002030,아세아,KOSPI,No
028080,휴맥스홀딩스,KOSDAQ,No
263700,케어랩스,KOSDAQ,No
018290,브이티,KOSDAQ,No
005810,풍산홀딩스,KOSPI,No
069540,빛과전자,KOSDAQ,No
036480,대성미생물,KOSDAQ,No
014620,성광벤드,KOSDAQ,No
238120,얼라인드,KOSDAQ,No
016380,KG스틸,KOSPI,No
399720,가온칩스,KOSDAQ,No
049630,재영솔루텍,KOSDAQ,No
060230,소니드,KOSDAQ,No
053980,오상자이엘,KOSDAQ,No
045660,에이텍,KOSDAQ,No
452430,사피엔반도체,KOSDAQ,No
110990,디아이티,KOSDAQ,No
001390,KG케미칼,KOSPI,No
067570,엔브이에이치코리아,KOSDAQ,No
010955,S-Oil우,KOSPI,No
264850,이랜시스,KOSDAQ,No
464280,티디에스팜,KOSDAQ,No
060150,인선이엔티,KOSDAQ,No
464080,에스오에스랩,KOSDAQ,No
226330,신테카바이오,KOSDAQ,No
037440,희림,KOSDAQ,No
041510,에스엠,KOSDAQ,No
037350,성도이엔지,KOSDAQ,No
299660,셀리드,KOSDAQ,No
137950,제이씨케미칼,KOSDAQ,No
288620,에스퓨얼셀,KOSDAQ,No
215790,이노인스트루먼트,KOSDAQ,No
323410,카카오뱅크,KOSPI,Yes
078350,한양디지텍,KOSDAQ,No
010600,웰바이오텍,KOSPI,No
383220,F&F,KOSPI,Yes
035760,CJ ENM,KOSDAQ,No
218150,미래생명자원,KOSDAQ,No
007720,소노스퀘어,KOSDAQ,No
005010,휴스틸,KOSPI,No
053290,NE능률,KOSDAQ,No
004365,세방우,KOSPI,No
064290,인텍플러스,KOSDAQ,No
082210,옵트론텍,KOSDAQ,No
050090,비케이홀딩스,KOSDAQ,No
003100,선광,KOSDAQ,No
014790,HL D&I,KOSPI,No
159910,에코글로우,KOSDAQ,No
396300,세아메카닉스,KOSDAQ,No
215200,메가스터디교육,KOSDAQ,No
003920,남양유업,KOSPI,No
003610,방림,KOSPI,No
263860,지니언스,KOSDAQ,No
021320,KCC건설,KOSDAQ,No
480370,씨케이솔루션,KOSPI,No
010040,한국내화,KOSPI,No
489730,디비금융제13호스팩,KOSDAQ,No
376290,씨유테크,KOSDAQ,No
304360,에스바이오메딕스,KOSDAQ,No
033500,동성화인텍,KOSDAQ,No
060720,KH바텍,KOSDAQ,No
115450,HLB테라퓨틱스,KOSDAQ,No
119830,아이텍,KOSDAQ,No
066980,한성크린텍,KOSDAQ,No
212560,네오오토,KOSDAQ,No
425420,티에프이,KOSDAQ,No
035890,서희건설,KOSDAQ,No
148930,에이치와이티씨,KOSDAQ,No
011700,한신기계,KOSPI,No
092870,엑시콘,KOSDAQ,No
001780,알루코,KOSPI,No
020560,아시아나항공,KOSPI,No
004835,덕성우,KOSPI,No
033530,SJG세종,KOSPI,No
263920,휴엠앤씨,KOSDAQ,No
023410,유진기업,KOSDAQ,No
109070,주성코퍼레이션,KOSPI,No
182400,엔케이맥스,KOSDAQ,No
025900,동화기업,KOSDAQ,No
078020,LS증권,KOSDAQ,No
473980,노머스,KOSDAQ,No
078150,HB테크놀러지,KOSDAQ,No
023450,동남합성,KOSPI,No
006050,국영지앤엠,KOSDAQ,No
067730,로지시스,KOSDAQ,No
282330,BGF리테일,KOSPI,Yes
255440,야스,KOSDAQ,No
208350,지란지교시큐리티,KOSDAQ,No
016090,대현,KOSPI,No
240810,원익IPS,KOSDAQ,No
003540,대신증권,KOSPI,No
049770,동원F&B,KOSPI,No
021240,코웨이,KOSPI,Yes
078000,텔코웨어,KOSPI,No
025870,신라에스지,KOSDAQ,No
435570,에르코스,KOSDAQ,No
025890,한국주강,KOSPI,No
478560,블랙야크아이앤씨,KOSDAQ,No
037560,LG헬로비전,KOSPI,No
252500,세화피앤씨,KOSDAQ,No
039610,화성밸브,KOSDAQ,No
270660,에브리봇,KOSDAQ,No
100790,미래에셋벤처투자,KOSDAQ,No
102460,이연제약,KOSPI,No
192400,쿠쿠홀딩스,KOSPI,No
015020,이스타코,KOSPI,No
069640,한세엠케이,KOSPI,No
152550,한국ANKOR유전,KOSPI,No
393210,토마토시스템,KOSDAQ,No
110020,전진바이오팜,KOSDAQ,No
003570,SNT다이내믹스,KOSPI,No
049520,유아이엘,KOSDAQ,No
058850,KTcs,KOSPI,No
084440,유비온,KOSDAQ,No
037460,삼지전자,KOSDAQ,No
002025,코오롱우,KOSPI,No
319400,현대무벡스,KOSDAQ,No
089970,브이엠,KOSDAQ,No
121600,나노신소재,KOSDAQ,No
417200,LS머트리얼즈,KOSDAQ,No
437730,삼현,KOSDAQ,No
348030,모비릭스,KOSDAQ,No
326030,SK바이오팜,KOSPI,Yes
036560,KZ정밀,KOSDAQ,No
255220,SG,KOSDAQ,No
054180,메디콕스,KOSDAQ,No
078130,국일제지,KOSDAQ,No
008775,호텔신라우,KOSPI,No
307280,원바이오젠,KOSDAQ,No
950140,잉글우드랩,KOSDAQ,No
001460,BYC,KOSPI,No
122900,아이마켓코리아,KOSPI,No
159010,아스플로,KOSDAQ,No
45226K,한화갤러리아우,KOSPI,No
185490,아이진,KOSDAQ,No
192080,더블유게임즈,KOSPI,Yes
060480,국일신동,KOSDAQ,No
253840,수젠텍,KOSDAQ,No
101160,월덱스,KOSDAQ,No
076080,웰크론한텍,KOSDAQ,No
101400,엔시트론,KOSDAQ,No
083450,GST,KOSDAQ,No
281740,레이크머티리얼즈,KOSDAQ,No
027040,서울전자통신,KOSDAQ,No
007530,와이엠,KOSDAQ,No
021820,세원정공,KOSPI,No
089980,상아프론테크,KOSDAQ,No
114190,강원에너지,KOSDAQ,No
084110,휴온스글로벌,KOSDAQ,No
137310,에스디바이오센서,KOSPI,Yes
095570,AJ네트웍스,KOSPI,No
001140,국보,KOSPI,No
003850,보령,KOSPI,No
000080,하이트진로,KOSPI,Yes
011560,세보엠이씨,KOSDAQ,No
402340,SK스퀘어,KOSPI,Yes
277070,린드먼아시아,KOSDAQ,No
003535,한화투자증권우,KOSPI,No
041910,폴라리스AI파마,KOSDAQ,No
067900,와이엔텍,KOSDAQ,No
294570,쿠콘,KOSDAQ,No
193250,링크드,KOSDAQ,No
264450,유비쿼스,KOSDAQ,No
408920,메쎄이상,KOSDAQ,No
331380,포커스에이아이,KOSDAQ,No
100250,진양홀딩스,KOSPI,No
172670,에이엘티,KOSDAQ,No
321550,티움바이오,KOSDAQ,No
260930,씨티케이,KOSDAQ,No
001060,JW중외제약,KOSPI,No
001680,대상,KOSPI,Yes
007310,오뚜기,KOSPI,Yes
005820,원림,KOSPI,No
099220,SDN,KOSDAQ,No
023960,에쓰씨엔지니어링,KOSPI,No
068790,DMS,KOSDAQ,No
004105,태양금속우,KOSPI,No
085670,뉴프렉스,KOSDAQ,No
263600,덕우전자,KOSDAQ,No
253590,네오셈,KOSDAQ,No
469900,하나31호스팩,KOSDAQ,No
322000,HD현대에너지솔루션,KOSPI,No
009300,삼아제약,KOSDAQ,No
004100,태양금속,KOSPI,No
080160,모두투어,KOSDAQ,No
020400,대동금속,KOSDAQ,No
115610,이미지스,KOSDAQ,No
101390,아이엠,KOSDAQ,No
148150,세경하이테크,KOSDAQ,No
372910,한컴라이프케어,KOSPI,No
317850,대모,KOSDAQ,No
331920,셀레믹스,KOSDAQ,No
048410,현대바이오,KOSDAQ,No
066570,LG전자,KOSPI,Yes
108380,대양전기공업,KOSDAQ,No
025750,한솔홈데코,KOSPI,No
001340,PKC,KOSPI,No
053610,프로텍,KOSDAQ,No
030200,KT,KOSPI,Yes
017510,세명전기,KOSDAQ,No
009140,경인전자,KOSPI,No
039570,HDC랩스,KOSPI,No
007660,이수페타시스,KOSPI,No
011785,금호석유화학우,KOSPI,No
078860,엔에스이엔엠,KOSDAQ,No
214320,이노션,KOSPI,No
123410,코리아에프티,KOSDAQ,No
090460,비에이치,KOSPI,No
000140,하이트진로홀딩스,KOSPI,No
060540,에스에이티,KOSDAQ,No
100030,인지소프트,KOSDAQ,No
383930,디티앤씨알오,KOSDAQ,No
013360,일성건설,KOSPI,No
442900,미래에셋드림스팩1호,KOSDAQ,No
005930,삼성전자,KOSPI,Yes
429270,시지트로닉스,KOSDAQ,No
053280,예스24,KOSDAQ,No
002760,보락,KOSPI,No
025770,한국정보통신,KOSDAQ,No
017370,우신시스템,KOSPI,No
121850,코이즈,KOSDAQ,No
000210,DL,KOSPI,Yes
009810,플레이그램,KOSPI,No
448370,하나27호스팩,KOSDAQ,No
047310,파워로직스,KOSDAQ,No
063440,SM Life Design,KOSDAQ,No
293580,나우IB,KOSDAQ,No
014825,동원시스템즈우,KOSPI,No
452190,한빛레이저,KOSDAQ,No
419530,SAMG엔터,KOSDAQ,No
130500,GH신소재,KOSDAQ,No
290720,푸드나무,KOSDAQ,No
080220,제주반도체,KOSDAQ,No
448280,에코아이,KOSDAQ,No
003620,KG모빌리티,KOSPI,Yes
043650,국순당,KOSDAQ,No
030350,드래곤플라이,KOSDAQ,No
335890,비올,KOSDAQ,No
019440,세아특수강,KOSPI,No
472230,에스케이증권제11호스팩,KOSDAQ,No
388790,라이콤,KOSDAQ,No
041920,메디아나,KOSDAQ,No
051500,CJ프레시웨이,KOSDAQ,No
032580,피델릭스,KOSDAQ,No
007690,국도화학,KOSPI,No
083640,인콘,KOSDAQ,No
900310,컬러레이,KOSDAQ,No
396270,넥스트칩,KOSDAQ,No
059090,미코,KOSDAQ,No
206650,유바이오로직스,KOSDAQ,No
037330,인지디스플레,KOSDAQ,No
002900,TYM,KOSPI,No
389020,자람테크놀로지,KOSDAQ,No
006730,서부T&D,KOSDAQ,No
038010,제일테크노스,KOSDAQ,No
001570,금양,KOSPI,No
001630,종근당홀딩스,KOSPI,No
348370,엔켐,KOSDAQ,No
049120,파인디앤씨,KOSDAQ,No
217480,에스디생명공학,KOSDAQ,No
091580,상신이디피,KOSDAQ,No
077500,유니퀘스트,KOSPI,No
031820,아이티센씨티에스,KOSPI,No
357780,솔브레인,KOSDAQ,No
032640,LG유플러스,KOSPI,Yes
042370,비츠로테크,KOSDAQ,No
094800,맵스리얼티1,KOSPI,No
192440,슈피겐코리아,KOSDAQ,No
378800,샤페론,KOSDAQ,No
239890,피엔에이치테크,KOSDAQ,No
014570,고려제약,KOSDAQ,No
006120,SK디스커버리,KOSPI,No
457370,한켐,KOSDAQ,No
466910,엔에이치스팩30호,KOSDAQ,No
067920,이글루,KOSDAQ,No
039290,인포뱅크,KOSDAQ,No
051915,LG화학우,KOSPI,No
145995,삼양사우,KOSPI,No
053060,세동,KOSDAQ,No
043590,웰킵스하이텍,KOSDAQ,No
067770,세진티에스,KOSDAQ,No
482680,미래에셋비전스팩7호,KOSDAQ,No
446150,유안타제12호스팩,KOSDAQ,No
334970,프레스티지바이오로직스,KOSDAQ,No
252990,샘씨엔에스,KOSDAQ,No
095500,미래나노텍,KOSDAQ,No
052420,오성첨단소재,KOSDAQ,No
104460,디와이피엔에프,KOSDAQ,No
001120,LX인터내셔널,KOSPI,No
340450,지씨지놈,KOSDAQ,No
297890,HB솔루션,KOSDAQ,No
320000,한울반도체,KOSDAQ,No
014530,극동유화,KOSPI,No
442770,IBKS제21호스팩,KOSDAQ,No
032350,롯데관광개발,KOSPI,No
378850,화승알앤에이,KOSPI,No
075970,동국알앤에스,KOSDAQ,No
092200,디아이씨,KOSPI,No
347860,알체라,KOSDAQ,No
133750,메가엠디,KOSDAQ,No
143210,핸즈코퍼레이션,KOSPI,No
006140,피제이전자,KOSDAQ,No
003350,한국화장품제조,KOSPI,No
053800,안랩,KOSDAQ,No
100590,머큐리,KOSDAQ,No
114810,한솔아이원스,KOSDAQ,No
092190,서울바이오시스,KOSDAQ,No
00806K,대덕1우,KOSPI,No
417180,핑거스토리,KOSDAQ,No
044380,주연테크,KOSPI,No
344820,KCC글라스,KOSPI,No
065660,안트로젠,KOSDAQ,No
229640,LS에코에너지,KOSPI,No
272210,한화시스템,KOSPI,Yes
301300,바이브컴퍼니,KOSDAQ,No
067990,도이치모터스,KOSDAQ,No
273640,와이엠텍,KOSDAQ,No
018470,조일알미늄,KOSPI,No
187870,디바이스,KOSDAQ,No
002220,한일철강,KOSPI,No
450520,인스웨이브,KOSDAQ,No
031330,에스에이엠티,KOSDAQ,No
226360,KH 건설,KOSDAQ,No
075180,새론오토모티브,KOSPI,No
456490,교보14호스팩,KOSDAQ,No
035200,프럼파스트,KOSDAQ,No
200350,아티스트스튜디오,KOSDAQ,No
001067,JW중외제약2우B,KOSPI,No
038110,에코플라스틱,KOSDAQ,No
032820,우리기술,KOSDAQ,No
094860,네오리진,KOSDAQ,No
008970,동양철관,KOSPI,No
066310,큐에스아이,KOSDAQ,No
035600,KG이니시스,KOSDAQ,No
002870,신풍,KOSPI,No
021045,대호특수강우,KOSDAQ,No
168360,펨트론,KOSDAQ,No
142280,녹십자엠에스,KOSDAQ,No
317400,자이에스앤디,KOSPI,No
010770,평화홀딩스,KOSPI,No
054300,팬스타엔터프라이즈,KOSDAQ,No
134380,미원화학,KOSPI,No
084670,동양고속,KOSPI,No
060570,드림어스컴퍼니,KOSDAQ,No
003960,사조대림,KOSPI,No
049080,기가레인,KOSDAQ,No
145210,다이나믹디자인,KOSPI,No
051980,중앙첨단소재,KOSDAQ,No
104700,한국철강,KOSPI,No
244920,에이플러스에셋,KOSPI,No
340570,티앤엘,KOSDAQ,No
016790,현대사료,KOSDAQ,No
008260,NI스틸,KOSPI,No
049470,SGA,KOSDAQ,No
404990,신한서부티엔디리츠,KOSPI,No
089790,제이티,KOSDAQ,No
372170,윤성에프앤씨,KOSDAQ,No
329180,HD현대중공업,KOSPI,Yes
088290,이원컴포텍,KOSDAQ,No
38380K,LX홀딩스1우,KOSPI,No
029530,신도리코,KOSPI,No
001620,케이비아이동국실업,KOSPI,No
226400,오스테오닉,KOSDAQ,No
028260,삼성물산,KOSPI,Yes
057680,티사이언티픽,KOSDAQ,No
001540,안국약품,KOSDAQ,No
475830,오름테라퓨틱,KOSDAQ,No
373220,LG에너지솔루션,KOSPI,Yes
012800,대창,KOSPI,No
103230,에스앤더블류,KOSDAQ,No
004090,한국석유,KOSPI,No
160980,싸이맥스,KOSDAQ,No
053160,프리엠스,KOSDAQ,No
033560,블루콤,KOSDAQ,No
035420,NAVER,KOSPI,Yes
287840,인투셀,KOSDAQ,No
424870,이뮨온시아,KOSDAQ,No
025540,한국단자,KOSPI,No
005610,SPC삼립,KOSPI,No
071950,코아스,KOSPI,No
336260,두산퓨얼셀,KOSPI,No
365590,하이딥,KOSDAQ,No
228340,동양파일,KOSDAQ,No
005070,코스모신소재,KOSPI,No
053260,금강철강,KOSDAQ,No
33626K,두산퓨얼셀1우,KOSPI,No
159580,제로투세븐,KOSDAQ,No
452670,상상인제4호스팩,KOSDAQ,No
021050,서원,KOSPI,No
002920,유성기업,KOSPI,No
445680,큐리옥스바이오시스템즈,KOSDAQ,No
123690,한국화장품,KOSPI,No
005745,크라운해태홀딩스우,KOSPI,No
001795,대한제당우,KOSPI,No
103590,일진전기,KOSPI,No
048870,시너지이노베이션,KOSDAQ,No
045520,크린앤사이언스,KOSDAQ,No
002100,경농,KOSPI,No
067290,JW신약,KOSDAQ,No
356860,티엘비,KOSDAQ,No
002020,코오롱,KOSPI,No
376980,원티드랩,KOSDAQ,No
131370,알서포트,KOSDAQ,No
044180,KD,KOSDAQ,No
254490,미래반도체,KOSDAQ,No
100660,서암기계공업,KOSDAQ,No
434480,모니터랩,KOSDAQ,No
085620,미래에셋생명,KOSPI,No
004000,롯데정밀화학,KOSPI,Yes
017390,서울가스,KOSPI,No
192820,코스맥스,KOSPI,Yes
003830,대한화섬,KOSPI,No
007210,벽산,KOSPI,No
065950,웰크론,KOSDAQ,No
214610,더바이오메드,KOSDAQ,No
195500,마니커에프앤지,KOSDAQ,No
054450,텔레칩스,KOSDAQ,No
189330,씨이랩,KOSDAQ,No
021650,한국큐빅,KOSDAQ,No
005090,SGC에너지,KOSPI,No
078890,가온그룹,KOSDAQ,No
032190,다우데이타,KOSDAQ,No
143540,영우디에스피,KOSDAQ,No
005940,NH투자증권,KOSPI,Yes
003545,대신증권우,KOSPI,No
085660,차바이오텍,KOSDAQ,No
069920,엑시온그룹,KOSDAQ,No
001020,페이퍼코리아,KOSPI,No
272110,케이엔제이,KOSDAQ,No
474170,루미르,KOSDAQ,No
057050,현대홈쇼핑,KOSPI,No
051360,토비스,KOSDAQ,No
290520,신도기연,KOSDAQ,No
321260,프로이천,KOSDAQ,No
368770,파이버프로,KOSDAQ,No
038070,서린바이오,KOSDAQ,No
021040,대호특수강,KOSDAQ,No
066900,디에이피,KOSDAQ,No
039980,폴라리스AI,KOSDAQ,No
353190,휴럼,KOSDAQ,No
222160,NPX,KOSDAQ,No
448830,미래에셋비전스팩3호,KOSDAQ,No
365900,브이씨,KOSDAQ,No
309960,LB인베스트먼트,KOSDAQ,No
097520,엠씨넥스,KOSPI,No
007980,TP,KOSPI,No
430690,한싹,KOSDAQ,No
000880,한화,KOSPI,Yes
014990,인디에프,KOSPI,No
200470,에이팩트,KOSDAQ,No
322510,제이엘케이,KOSDAQ,No
106240,파인테크닉스,KOSDAQ,No
475400,씨메스,KOSDAQ,No
425040,티이엠씨,KOSDAQ,No
033050,제이엠아이,KOSDAQ,No
389680,유디엠텍,KOSDAQ,No
476040,오가노이드사이언스,KOSDAQ,No
071970,HD현대마린엔진,KOSPI,No
327260,RF머트리얼즈,KOSDAQ,No
115180,큐리언트,KOSDAQ,No
010140,삼성중공업,KOSPI,Yes
000890,보해양조,KOSPI,No
067830,세이브존I&C,KOSPI,No
008060,대덕,KOSPI,No
368970,오에스피,KOSDAQ,No
043100,알파녹스,KOSDAQ,No
003580,HLB글로벌,KOSPI,No
353590,오토앤,KOSDAQ,No
450140,코오롱모빌리티그룹,KOSPI,No
015710,코콤,KOSDAQ,No
000720,현대건설,KOSPI,Yes
017180,명문제약,KOSPI,No
336060,웨이버스,KOSDAQ,No
153460,네이블,KOSDAQ,No
407400,꿈비,KOSDAQ,No
003240,태광산업,KOSPI,Yes
067010,이씨에스,KOSDAQ,No
000850,화천기공,KOSPI,No
151910,퓨처코어,KOSDAQ,No
071670,에이테크솔루션,KOSDAQ,No
017250,인터엠,KOSDAQ,No
036580,팜스코,KOSPI,No
310210,보로노이,KOSDAQ,No
032790,엠젠솔루션,KOSDAQ,No
226950,올릭스,KOSDAQ,No
013990,아가방컴퍼니,KOSDAQ,No
203690,아크솔루션스,KOSDAQ,No
011790,SKC,KOSPI,Yes
005389,현대차3우B,KOSPI,No
200130,콜마비앤에이치,KOSDAQ,No
222980,한국맥널티,KOSDAQ,No
039010,현대에이치티,KOSDAQ,No
093640,케이알엠,KOSDAQ,No
054050,농우바이오,KOSDAQ,No
001130,대한제분,KOSPI,No
016740,두올,KOSPI,No
107590,미원홀딩스,KOSPI,No
003690,코리안리,KOSPI,No
005300,롯데칠성,KOSPI,Yes
382800,지앤비에스 에코,KOSDAQ,No
241770,메카로,KOSDAQ,No
014915,성문전자우,KOSPI,No
009410,태영건설,KOSPI,No
161890,한국콜마,KOSPI,Yes
243070,휴온스,KOSDAQ,No
187790,나노,KOSDAQ,No
208370,셀바스헬스케어,KOSDAQ,No
069510,에스텍,KOSDAQ,No
010780,아이에스동서,KOSPI,No
360070,탑머티리얼,KOSDAQ,No
084990,헬릭스미스,KOSDAQ,No
227840,현대코퍼레이션홀딩스,KOSPI,No
127710,아시아경제,KOSDAQ,No
281820,케이씨텍,KOSPI,No
003555,LG우,KOSPI,No
023440,제이스코홀딩스,KOSDAQ,No
460470,아이빔테크놀로지,KOSDAQ,No
455250,KB제25호스팩,KOSDAQ,No
250930,예선테크,KOSDAQ,No
195870,해성디에스,KOSPI,No
126600,BGF에코머티리얼즈,KOSDAQ,No
095720,웅진씽크빅,KOSPI,No
011330,유니켐,KOSPI,No
230360,에코마케팅,KOSDAQ,No
277810,레인보우로보틱스,KOSDAQ,No
081180,쎄크,KOSDAQ,No
482520,교보16호스팩,KOSDAQ,No
183490,엔지켐생명과학,KOSDAQ,No
032850,비트컴퓨터,KOSDAQ,No
033340,좋은사람들,KOSDAQ,No
023590,다우기술,KOSPI,No
000660,SK하이닉스,KOSPI,Yes
013870,지엠비코리아,KOSPI,No
050760,에스폴리텍,KOSDAQ,No
118000,메타케어,KOSPI,No
002460,HS화성,KOSPI,No
396470,워트,KOSDAQ,No
003230,삼양식품,KOSPI,Yes
005750,대림바스,KOSPI,No
348950,제이알글로벌리츠,KOSPI,No
246960,SCL사이언스,KOSDAQ,No
089230,THE E&M,KOSDAQ,No
006650,대한유화,KOSPI,Yes
037760,쎄니트,KOSDAQ,No
131400,이브이첨단소재,KOSDAQ,No
040350,크레오에스지,KOSDAQ,No
004545,깨끗한나라우,KOSPI,No
394800,쓰리빌리언,KOSDAQ,No
131030,옵투스제약,KOSDAQ,No
033200,모아텍,KOSDAQ,No
105330,케이엔더블유,KOSDAQ,No
033270,유나이티드제약,KOSPI,No
206560,덱스터,KOSDAQ,No
006400,삼성SDI,KOSPI,Yes
010420,한솔PNS,KOSPI,No
002350,넥센타이어,KOSPI,No
405000,플라즈맵,KOSDAQ,No
304100,솔트룩스,KOSDAQ,No
096760,JW홀딩스,KOSPI,No
071050,한국금융지주,KOSPI,Yes
033170,시그네틱스,KOSDAQ,No
074610,이엔플러스,KOSPI,No
012205,계양전기우,KOSPI,No
213420,덕산네오룩스,KOSDAQ,No
146060,율촌,KOSDAQ,No
246250,에스엘에스바이오,KOSDAQ,No
115440,우리넷,KOSDAQ,No
002800,신신제약,KOSDAQ,No
461300,아이스크림미디어,KOSDAQ,No
007575,일양약품우,KOSPI,No
003550,LG,KOSPI,Yes
041190,우리기술투자,KOSDAQ,No
338100,NH프라임리츠,KOSPI,No
150840,인트로메딕,KOSDAQ,No
242040,나무기술,KOSDAQ,No
000910,유니온,KOSPI,No
009150,삼성전기,KOSPI,Yes
474490,유안타제16호스팩,KOSDAQ,No
900290,GRT,KOSDAQ,No
192390,윈하이텍,KOSDAQ,No
093370,후성,KOSPI,Yes
204020,그리티,KOSDAQ,No
005720,넥센,KOSPI,No
023460,CNH,KOSDAQ,No
424960,스마트레이더시스템,KOSDAQ,No
171010,램테크놀러지,KOSDAQ,No
046390,삼화네트웍스,KOSDAQ,No
361670,삼영에스앤씨,KOSDAQ,No
348210,넥스틴,KOSDAQ,No
315640,딥노이드,KOSDAQ,No
092230,KPX홀딩스,KOSPI,No
452300,캡스톤파트너스,KOSDAQ,No
069620,대웅제약,KOSPI,Yes
464680,KB제27호스팩,KOSDAQ,No
460870,에스엠씨지,KOSDAQ,No
210980,SK디앤디,KOSPI,No
008600,윌비스,KOSPI,No
047810,한국항공우주,KOSPI,Yes
053350,이니텍,KOSDAQ,No
011780,금호석유화학,KOSPI,Yes
008700,아남전자,KOSPI,No
417860,오브젠,KOSDAQ,No
481850,신한글로벌액티브리츠,KOSPI,No
011230,삼화전자,KOSPI,No
288330,브릿지바이오테라퓨틱스,KOSDAQ,No
083470,이엠앤아이,KOSDAQ,No
068290,삼성출판사,KOSPI,No
005440,현대지에프홀딩스,KOSPI,No
464500,아이언디바이스,KOSDAQ,No
119650,KC코트렐,KOSPI,No
383310,에코프로에이치엔,KOSDAQ,No
012610,경인양행,KOSPI,No
170900,동아에스티,KOSPI,No
001450,현대해상,KOSPI,Yes
291650,압타머사이언스,KOSDAQ,No
448740,삼성스팩8호,KOSDAQ,No
290660,네오펙트,KOSDAQ,No
215480,토박스코리아,KOSDAQ,No
291810,핀텔,KOSDAQ,No
338220,뷰노,KOSDAQ,No
340360,다보링크,KOSDAQ,No
473000,에스케이증권제12호스팩,KOSDAQ,No
439410,엔에이치스팩26호,KOSDAQ,No
009835,한화솔루션우,KOSPI,No
004770,써니전자,KOSPI,No
211050,인카금융서비스,KOSDAQ,No
220180,핸디소프트,KOSDAQ,No
214180,헥토이노베이션,KOSDAQ,No
253450,스튜디오드래곤,KOSDAQ,No
064260,다날,KOSDAQ,No
123570,이엠넷,KOSDAQ,No
015260,에이엔피,KOSPI,No
123330,제닉,KOSDAQ,No
003080,SB성보,KOSPI,No
333050,모코엠시스,KOSDAQ,No
246710,티앤알바이오팹,KOSDAQ,No
054090,삼진엘앤디,KOSDAQ,No
004430,송원산업,KOSPI,No
000227,유유제약2우B,KOSPI,No
237750,피앤씨테크,KOSDAQ,No
017810,풀무원,KOSPI,No
140860,파크시스템스,KOSDAQ,No
014285,금강공업우,KOSPI,No
187270,신화콘텍,KOSDAQ,No
440320,오픈놀,KOSDAQ,No
115480,씨유메디칼,KOSDAQ,No
403550,쏘카,KOSPI,No
019175,신풍제약우,KOSPI,No
137940,넥스트아이,KOSDAQ,No
080580,오킨스전자,KOSDAQ,No
403490,우듬지팜,KOSDAQ,No
004980,성신양회,KOSPI,No
086280,현대글로비스,KOSPI,Yes
171090,선익시스템,KOSDAQ,No
025950,동신건설,KOSDAQ,No
290270,휴네시온,KOSDAQ,No
300080,플리토,KOSDAQ,No
095610,테스,KOSDAQ,No
083650,비에이치아이,KOSDAQ,No
336370,솔루스첨단소재,KOSPI,No
123840,뉴온,KOSDAQ,No
002310,아세아제지,KOSPI,No
043340,에쎈테크,KOSDAQ,No
092070,디엔에프,KOSDAQ,No
211270,AP위성,KOSDAQ,No
000545,흥국화재우,KOSPI,No
214150,클래시스,KOSDAQ,No
036190,금화피에스시,KOSDAQ,No
331520,밸로프,KOSDAQ,No
003200,일신방직,KOSPI,No
452450,피아이이,KOSDAQ,No
089010,켐트로닉스,KOSDAQ,No
010690,화신,KOSPI,No
104830,원익머트리얼즈,KOSDAQ,No
300120,라온피플,KOSDAQ,No
33637L,솔루스첨단소재2우B,KOSPI,No
153710,옵티팜,KOSDAQ,No
449020,유안타제13호스팩,KOSDAQ,No
002787,진흥기업2우B,KOSPI,No
318010,팜스빌,KOSDAQ,No
053690,한미글로벌,KOSPI,No
065680,우주일렉트로,KOSDAQ,No
030210,다올투자증권,KOSPI,No
356680,엑스게이트,KOSDAQ,No
311690,CJ 바이오사이언스,KOSDAQ,No
004440,삼일씨엔에스,KOSPI,No
012630,HDC,KOSPI,Yes
446540,메가터치,KOSDAQ,No
000520,삼일제약,KOSPI,No
156100,엘앤케이바이오,KOSDAQ,No
048430,유라테크,KOSDAQ,No
086820,바이오솔루션,KOSDAQ,No
389470,인벤티지랩,KOSDAQ,No
053450,세코닉스,KOSDAQ,No
038620,위즈코프,KOSDAQ,No
071280,로체시스템즈,KOSDAQ,No
065150,대산F&B,KOSDAQ,No
068940,셀피글로벌,KOSDAQ,No
051910,LG화학,KOSPI,Yes
134790,시디즈,KOSPI,No
347700,스피어,KOSDAQ,No
323350,다원넥스뷰,KOSDAQ,No
072770,율호,KOSDAQ,No
005850,에스엘,KOSPI,Yes
009270,신원,KOSPI,No
090410,덕신이피씨,KOSDAQ,No
107600,새빗켐,KOSDAQ,No
058650,세아홀딩스,KOSPI,No
017940,E1,KOSPI,No
024120,KB오토시스,KOSDAQ,No
092780,DYP,KOSPI,No
013030,하이록코리아,KOSDAQ,No
418550,제이오,KOSDAQ,No
381970,케이카,KOSPI,No
008040,사조동아원,KOSPI,No
352700,씨앤투스,KOSDAQ,No
474660,신한제12호스팩,KOSDAQ,No
357580,아모센스,KOSDAQ,No
115160,휴맥스,KOSDAQ,No
000157,두산2우B,KOSPI,No
002880,대유에이텍,KOSPI,No
313760,캐리,KOSDAQ,No
003547,대신증권2우B,KOSPI,No
418620,E8,KOSDAQ,No
337930,젝시믹스,KOSDAQ,No
005965,동부건설우,KOSPI,No
196450,코아시아씨엠,KOSDAQ,No
175330,JB금융지주,KOSPI,Yes
024060,흥구석유,KOSDAQ,No
007570,일양약품,KOSPI,No
102940,코오롱생명과학,KOSDAQ,No
051390,YW,KOSDAQ,No
355390,크라우드웍스,KOSDAQ,No
170030,현대공업,KOSDAQ,No
017040,광명전기,KOSPI,No
198080,엔피디,KOSDAQ,No
006890,태경케미컬,KOSPI,No
073190,듀오백,KOSDAQ,No
079960,동양이엔피,KOSDAQ,No
052460,아이크래프트,KOSDAQ,No
066700,테라젠이텍스,KOSDAQ,No
175140,휴먼테크놀로지,KOSDAQ,No
032560,황금에스티,KOSPI,No
001520,동양,KOSPI,No
032300,한국파마,KOSDAQ,No
032750,삼진,KOSDAQ,No
096250,와이즈넛,KOSDAQ,No
371950,풍원정밀,KOSDAQ,No
389140,포바이포,KOSDAQ,No
111710,남화산업,KOSDAQ,No
222080,씨아이에스,KOSDAQ,No
052770,아이톡시,KOSDAQ,No
006570,대림통상,KOSPI,No
459510,나우로보틱스,KOSDAQ,No
005390,신성통상,KOSPI,No
455910,에스케이증권제9호스팩,KOSDAQ,No
005945,NH투자증권우,KOSPI,No
011500,한농화성,KOSPI,No
200670,휴메딕스,KOSDAQ,No
034730,SK,KOSPI,Yes
004800,효성,KOSPI,No
178320,서진시스템,KOSDAQ,No
101360,에코앤드림,KOSDAQ,No
007770,한일화학,KOSDAQ,No
248070,솔루엠,KOSPI,No
002140,고려산업,KOSPI,No
032960,동일기연,KOSDAQ,No
122870,와이지엔터테인먼트,KOSDAQ,No
330860,네패스아크,KOSDAQ,No
005680,삼영전자,KOSPI,No
217330,싸이토젠,KOSDAQ,No
091590,남화토건,KOSDAQ,No
073490,이노와이어리스,KOSDAQ,No
000215,DL우,KOSPI,No
192650,드림텍,KOSPI,No
008370,원풍,KOSDAQ,No
215100,로보로보,KOSDAQ,No
100090,SK오션플랜트,KOSPI,No
347890,엠투아이,KOSDAQ,No
305090,마이크로디지탈,KOSDAQ,No
128820,대성산업,KOSPI,No
105760,포스뱅크,KOSDAQ,No
043610,KT지니뮤직,KOSDAQ,No
284620,카이노스메드,KOSDAQ,No
020760,일진디스플,KOSPI,No
092130,이크레더블,KOSDAQ,No
900140,엘브이엠씨홀딩스,KOSPI,No
323990,박셀바이오,KOSDAQ,No
136480,하림,KOSDAQ,No
005250,녹십자홀딩스,KOSPI,Yes
010100,한국무브넥스,KOSPI,No
059120,아진엑스텍,KOSDAQ,No
290740,액트로,KOSDAQ,No
036670,삼양케이씨아이,KOSDAQ,No
078590,휴림에이텍,KOSDAQ,No
357250,미래에셋맵스리츠,KOSPI,No
039020,이건홀딩스,KOSDAQ,No
000500,가온전선,KOSPI,No
017960,한국카본,KOSPI,Yes
322310,오로스테크놀로지,KOSDAQ,No
056190,에스에프에이,KOSDAQ,No
103840,우양,KOSDAQ,No
039200,오스코텍,KOSDAQ,No
002390,한독,KOSPI,No
049070,인탑스,KOSDAQ,No
039560,다산네트웍스,KOSDAQ,No
046310,백금T&A,KOSDAQ,No
372800,아이티아이즈,KOSDAQ,No
310200,애니플러스,KOSDAQ,No
261200,덴티스,KOSDAQ,No
066130,하츠,KOSDAQ,No
093190,빅솔론,KOSDAQ,No
089890,코세스,KOSDAQ,No
088260,이리츠코크렙,KOSPI,No
101170,우림피티에스,KOSDAQ,No
478440,미래에셋비전스팩6호,KOSDAQ,No
035810,이지홀딩스,KOSDAQ,No
122450,KX,KOSDAQ,No
048770,TPC,KOSDAQ,No
420570,제이투케이바이오,KOSDAQ,No
023760,한국캐피탈,KOSDAQ,No
012790,신일제약,KOSDAQ,No
051780,큐로홀딩스,KOSDAQ,No
004060,SG세계물산,KOSPI,No
309930,오하임앤컴퍼니,KOSDAQ,No
000070,삼양홀딩스,KOSPI,No
011420,갤럭시아에스엠,KOSPI,No
285490,노바텍,KOSDAQ,No
024900,디와이덕양,KOSPI,No
457630,대신밸런스제16호스팩,KOSDAQ,No
109080,옵티시스,KOSDAQ,No
058470,리노공업,KOSDAQ,No
009520,포스코엠텍,KOSDAQ,No
340440,세림B&G,KOSDAQ,No
234300,에스트래픽,KOSDAQ,No
361610,SK아이이테크놀로지,KOSPI,Yes
431190,케이쓰리아이,KOSDAQ,No
011370,서한,KOSDAQ,No
348340,뉴로메카,KOSDAQ,No
002995,금호건설우,KOSPI,No
239340,이스트에이드,KOSDAQ,No
069260,TKG휴켐스,KOSPI,Yes
024090,디씨엠,KOSPI,No
047920,HLB제약,KOSDAQ,No
086900,메디톡스,KOSDAQ,No
352770,셀레스트라,KOSDAQ,No
027970,한국제지,KOSPI,No
179530,애드바이오텍,KOSDAQ,No
042510,라온시큐어,KOSDAQ,No
008250,이건산업,KOSPI,No
002320,한진,KOSPI,No
077970,STX엔진,KOSPI,No
363250,진시스템,KOSDAQ,No
131220,대한과학,KOSDAQ,No
190650,코리아에셋투자증권,KOSDAQ,No
011390,부산산업,KOSPI,No
079370,제우스,KOSDAQ,No
145720,덴티움,KOSPI,Yes
086980,쇼박스,KOSDAQ,No
225190,LK삼양,KOSDAQ,No
259630,엠플러스,KOSDAQ,No
046440,KG모빌리언스,KOSDAQ,No
112040,위메이드,KOSDAQ,No
069730,DSR제강,KOSPI,No
03481K,해성산업1우,KOSDAQ,No
168330,내츄럴엔도텍,KOSDAQ,No
365340,성일하이텍,KOSDAQ,No
419050,삼기에너지솔루션즈,KOSDAQ,No
302550,리메드,KOSDAQ,No
038540,상상인,KOSDAQ,No
093920,서원인텍,KOSDAQ,No
027050,코리아나,KOSDAQ,No
293940,신한알파리츠,KOSPI,No
177830,파버나인,KOSDAQ,No
009440,KC그린홀딩스,KOSPI,No
272450,진에어,KOSPI,No
393970,대진첨단소재,KOSDAQ,No
377030,비트맥스,KOSDAQ,No
198440,강동씨앤엘,KOSDAQ,No
222420,쎄노텍,KOSDAQ,No
314140,알피바이오,KOSDAQ,No
00279K,아모레퍼시픽홀딩스3우C,KOSPI,No
044960,이글벳,KOSDAQ,No
068330,일신바이오,KOSDAQ,No
013310,아진산업,KOSDAQ,No
381620,제닉스,KOSDAQ,No
462020,에이치엠씨제6호스팩,KOSDAQ,No
001840,이화공영,KOSDAQ,No
004410,서울식품,KOSPI,No
001210,금호전기,KOSPI,No
174880,장원테크,KOSDAQ,No
035900,JYP Ent.,KOSDAQ,No
466100,클로봇,KOSDAQ,No
087600,픽셀플러스,KOSDAQ,No
023790,동일스틸럭스,KOSDAQ,No
406820,뷰티스킨,KOSDAQ,No
457190,이수스페셜티케미컬,KOSPI,Yes
016100,리더스코스메틱,KOSDAQ,No
054940,엑사이엔씨,KOSDAQ,No
481070,에이유브랜즈,KOSDAQ,No
176750,듀켐바이오,KOSDAQ,No
120110,코오롱인더,KOSPI,Yes
440820,엔에이치스팩27호,KOSDAQ,No
155650,와이엠씨,KOSDAQ,No
136410,아셈스,KOSDAQ,No
073570,리튬포어스,KOSDAQ,No
097955,CJ제일제당 우,KOSPI,No
000087,하이트진로2우B,KOSPI,No
101970,우양에이치씨,KOSDAQ,No
068930,디지털대성,KOSDAQ,No
008420,문배철강,KOSPI,No
136490,선진,KOSPI,No
002780,진흥기업,KOSPI,No
023910,대한약품,KOSDAQ,No
020710,시공테크,KOSDAQ,No
418250,시큐레터,KOSDAQ,No
307750,국전약품,KOSDAQ,No
003090,대웅,KOSPI,Yes
090850,현대이지웰,KOSDAQ,No
418470,KT밀리의서재,KOSDAQ,No
033830,티비씨,KOSDAQ,No
037030,파워넷,KOSDAQ,No
267250,HD현대,KOSPI,Yes
465770,STX그린로지스,KOSPI,No
009200,무림페이퍼,KOSPI,No
056730,CNT85,KOSDAQ,No
038870,에코바이오,KOSDAQ,No
046120,오르비텍,KOSDAQ,No
019180,티에이치엔,KOSPI,No
452280,한선엔지니어링,KOSDAQ,No
109860,동일금속,KOSDAQ,No
473950,에스케이증권제13호스팩,KOSDAQ,No
361390,제노코,KOSDAQ,No
066670,디티씨,KOSDAQ,No
129260,인터지스,KOSPI,No
050110,캠시스,KOSDAQ,No
060240,스타코링크,KOSDAQ,No
402030,코난테크놀로지,KOSDAQ,No
00104K,CJ4우(전환),KOSPI,No
051630,진양화학,KOSPI,No
413640,비아이매트릭스,KOSDAQ,No
476080,M83,KOSDAQ,No
37550L,DL이앤씨2우(전환),KOSPI,No
241840,에이스토리,KOSDAQ,No
052260,현대바이오랜드,KOSDAQ,No
000760,이화산업,KOSPI,No
376270,에이치이엠파마,KOSDAQ,No
139990,아주스틸,KOSPI,No
083310,엘오티베큠,KOSDAQ,No
126700,하이비젼시스템,KOSDAQ,No
036830,솔브레인홀딩스,KOSDAQ,No
900260,로스웰,KOSDAQ,No
018670,SK가스,KOSPI,No
003650,미창석유,KOSPI,No
448710,코츠테크놀로지,KOSDAQ,No
082640,동양생명,KOSPI,No
019590,에스유앤피,KOSDAQ,No
041930,동아화성,KOSDAQ,No
290090,트윔,KOSDAQ,No
011080,형지I&C,KOSDAQ,No
039310,세중,KOSDAQ,No
092040,아미코젠,KOSDAQ,No
200880,서연이화,KOSPI,No
460940,피앤에스미캐닉스,KOSDAQ,No
061250,화일약품,KOSDAQ,No
007810,코리아써키트,KOSPI,No
136150,원일티엔아이,KOSDAQ,No
446750,하나26호스팩,KOSDAQ,No
002210,동성제약,KOSPI,No
238200,비피도,KOSDAQ,No
002200,한국수출포장,KOSPI,No
001420,태원물산,KOSPI,No
321370,센서뷰,KOSDAQ,No
298540,더네이쳐홀딩스,KOSDAQ,No
046070,코다코,KOSDAQ,No
042940,상지건설,KOSDAQ,No
122350,삼기,KOSDAQ,No
496070,신한제16호스팩,KOSDAQ,No
377450,리파인,KOSDAQ,No
004780,대륙제관,KOSDAQ,No
303360,프로티아,KOSDAQ,No
451250,삐아,KOSDAQ,No
308080,바이젠셀,KOSDAQ,No
099190,아이센스,KOSDAQ,No
163560,동일고무벨트,KOSPI,No
080520,오디텍,KOSDAQ,No
347000,센코,KOSDAQ,No
042660,한화오션,KOSPI,Yes
486630,KB제30호스팩,KOSDAQ,No
262840,아이퀘스트,KOSDAQ,No
002790,아모레퍼시픽홀딩스,KOSPI,Yes
214420,토니모리,KOSPI,No
180400,DXVX,KOSDAQ,No
160550,NEW,KOSDAQ,No
033780,KT&G,KOSPI,Yes
236200,슈프리마,KOSDAQ,No
462860,더즌,KOSDAQ,No
208860,엔지스테크널러지,KOSDAQ,No
109960,AP헬스케어,KOSDAQ,No
306620,네온테크,KOSDAQ,No
456070,이엔셀,KOSDAQ,No
036640,HRS,KOSDAQ,No
200710,에이디테크놀로지,KOSDAQ,No
484130,하나34호스팩,KOSDAQ,No
290560,신시웨이,KOSDAQ,No
027740,마니커,KOSPI,No
413390,엠오티,KOSDAQ,No
126720,수산인더스트리,KOSPI,No
004970,신라교역,KOSPI,No
234690,녹십자웰빙,KOSDAQ,No
201490,미투온,KOSDAQ,No
039440,에스티아이,KOSDAQ,No
489480,키움제11호스팩,KOSDAQ,No
289220,자이언트스텝,KOSDAQ,No
456010,아이씨티케이,KOSDAQ,No
079650,서산,KOSDAQ,No
000325,노루홀딩스우,KOSPI,No
003160,디아이,KOSPI,No
105840,우진,KOSPI,No
096690,에이루트,KOSDAQ,No
009155,삼성전기우,KOSPI,No
085910,네오티스,KOSDAQ,No
205500,넥써쓰,KOSDAQ,No
230240,에치에프알,KOSDAQ,No
258610,케일럼,KOSDAQ,No
079970,투비소프트,KOSDAQ,No
453340,현대그린푸드,KOSPI,No
126640,화신정공,KOSDAQ,No
001685,대상우,KOSPI,No
023350,한국종합기술,KOSPI,No
035610,솔본,KOSDAQ,No
298000,효성화학,KOSPI,No
290120,DH오토리드,KOSDAQ,No
035720,카카오,KOSPI,Yes
317530,캐리소프트,KOSDAQ,No
108675,LX하우시스우,KOSPI,No
101330,모베이스,KOSDAQ,No
335870,윙스풋,KOSDAQ,No
393890,더블유씨피,KOSDAQ,No
267320,나인테크,KOSDAQ,No
477340,에이치엠씨제7호스팩,KOSDAQ,No
140910,에이리츠,KOSPI,No
089470,HDC현대EP,KOSPI,No
033100,제룡전기,KOSDAQ,No
189690,포시에스,KOSDAQ,No
417500,제이아이테크,KOSDAQ,No
198940,한주라이트메탈,KOSDAQ,No
008290,원풍물산,KOSDAQ,No
039830,오로라,KOSDAQ,No
387570,파인메딕스,KOSDAQ,No
041020,폴라리스오피스,KOSDAQ,No
321820,아티스트컴퍼니,KOSDAQ,No
101680,한국정밀기계,KOSDAQ,No
088910,동우팜투테이블,KOSDAQ,No
188260,세니젠,KOSDAQ,No
086790,하나금융지주,KOSPI,Yes
227100,퀀텀온,KOSDAQ,No
091340,S&K폴리텍,KOSDAQ,No
038950,파인디지털,KOSDAQ,No
090710,휴림로봇,KOSDAQ,No
038460,바이오스마트,KOSDAQ,No
376930,노을,KOSDAQ,No
045100,한양이엔지,KOSDAQ,No
353200,대덕전자,KOSPI,No
389650,넥스트바이오메디컬,KOSDAQ,No
084870,TBH글로벌,KOSPI,No
420770,기가비스,KOSDAQ,No
155660,DSR,KOSPI,No
026910,광진실업,KOSDAQ,No
143160,아이디스,KOSDAQ,No
001080,만호제강,KOSPI,No
375500,DL이앤씨,KOSPI,Yes
018700,바른손,KOSDAQ,No
210120,캔버스엔,KOSDAQ,No
175250,아이큐어,KOSDAQ,No
303810,동국생명과학,KOSDAQ,No
014190,원익큐브,KOSDAQ,No
030530,원익홀딩스,KOSDAQ,No
054040,한국컴퓨터,KOSDAQ,No
079810,디이엔티,KOSDAQ,No
354320,알멕,KOSDAQ,No
035000,HS애드,KOSPI,No
316140,우리금융지주,KOSPI,Yes
299170,더블유에스아이,KOSDAQ,No
35320K,대덕전자1우,KOSPI,No
050860,아세아텍,KOSDAQ,No
003120,일성아이에스,KOSPI,No
089590,제주항공,KOSPI,No
126880,제이엔케이글로벌,KOSDAQ,No
010660,화천기계,KOSPI,No
241710,코스메카코리아,KOSDAQ,No
350520,이지스레지던스리츠,KOSPI,No
052690,한전기술,KOSPI,Yes
090355,노루페인트우,KOSPI,No
260660,알리코제약,KOSDAQ,No
033250,체시스,KOSPI,No
212710,아이에스티이,KOSDAQ,No
014970,삼륭물산,KOSDAQ,No
419080,엔젯,KOSDAQ,No
478780,대신밸런스제18호스팩,KOSDAQ,No
222110,팬젠,KOSDAQ,No
226340,본느,KOSDAQ,No
134580,탑코미디어,KOSDAQ,No
141000,비아트론,KOSDAQ,No
033130,디지틀조선,KOSDAQ,No
473370,비엔케이제2호스팩,KOSDAQ,No
071090,하이스틸,KOSPI,No
041590,플래스크,KOSDAQ,No
900270,헝셩그룹,KOSDAQ,No
002690,동일제강,KOSPI,No
440790,교보13호스팩,KOSDAQ,No
222810,세토피아,KOSDAQ,No
018880,한온시스템,KOSPI,Yes
235980,메드팩토,KOSDAQ,No
302440,SK바이오사이언스,KOSPI,Yes
042520,한스바이오메드,KOSDAQ,No
014280,금강공업,KOSPI,No
272290,이녹스첨단소재,KOSDAQ,No
487570,HS효성,KOSPI,No
036800,나이스정보통신,KOSDAQ,No
204320,HL만도,KOSPI,Yes
351320,넥사다이내믹스,KOSDAQ,No
002355,넥센타이어1우B,KOSPI,No
140670,알에스오토메이션,KOSDAQ,No
064550,바이오니아,KOSDAQ,No
024840,KBI메탈,KOSDAQ,No
035460,기산텔레콤,KOSDAQ,No
051370,인터플렉스,KOSDAQ,No
441270,파인엠텍,KOSDAQ,No
029780,삼성카드,KOSPI,Yes
185750,종근당,KOSPI,Yes
106520,노블엠앤비,KOSDAQ,No
084730,팅크웨어,KOSDAQ,No
078340,컴투스,KOSDAQ,No
144510,지씨셀,KOSDAQ,No
452260,한화갤러리아,KOSPI,No
011170,롯데케미칼,KOSPI,Yes
052220,iMBC,KOSDAQ,No
339950,아이비김영,KOSDAQ,No
010280,아이티센엔텍,KOSDAQ,No
097780,에코볼트,KOSDAQ,No
270520,앱트뉴로사이언스,KOSDAQ,No
307930,컴퍼니케이,KOSDAQ,No
101000,KS인더스트리,KOSDAQ,No
078160,메디포스트,KOSDAQ,No
015230,대창단조,KOSPI,No
100130,동국S&C,KOSDAQ,No
014940,오리엔탈정공,KOSDAQ,No
089030,테크윙,KOSDAQ,No
163280,에어레인,KOSDAQ,No
000225,유유제약1우,KOSPI,No
206400,베노티앤알,KOSDAQ,No
032685,소프트센우,KOSDAQ,No
183300,코미코,KOSDAQ,No
031510,오스템,KOSDAQ,No
214260,라파스,KOSDAQ,No
005725,넥센우,KOSPI,No
003780,진양산업,KOSPI,No
448900,한국피아이엠,KOSDAQ,No
030960,양지사,KOSDAQ,No
005160,동국산업,KOSDAQ,No
030720,동원수산,KOSPI,No
263720,디앤씨미디어,KOSDAQ,No
065350,신성델타테크,KOSDAQ,No
084850,아이티엠반도체,KOSDAQ,No
357120,코람코라이프인프라리츠,KOSPI,No
082660,코스나인,KOSDAQ,No
366030,공구우먼,KOSDAQ,No
190510,나무가,KOSDAQ,No
007160,사조산업,KOSPI,No
217500,러셀,KOSDAQ,No
318410,비비씨,KOSDAQ,No
068270,셀트리온,KOSPI,Yes
037070,파세코,KOSDAQ,No
035620,바른손이앤에이,KOSDAQ,No
016450,한세예스24홀딩스,KOSPI,No
096870,엘디티,KOSDAQ,No
083500,에프엔에스테크,KOSDAQ,No
041650,상신브레이크,KOSPI,No
036530,SNT홀딩스,KOSPI,No
210540,디와이파워,KOSPI,No
183190,아세아시멘트,KOSPI,No
451800,한화리츠,KOSPI,No
475660,에스켐,KOSDAQ,No
118990,모트렉스,KOSDAQ,No
417010,나노팀,KOSDAQ,No
200780,비씨월드제약,KOSDAQ,No
355150,코스텍시스,KOSDAQ,No
091090,세원이앤씨,KOSPI,No
336570,원텍,KOSDAQ,No
181710,NHN,KOSPI,No
001290,상상인증권,KOSPI,No
001510,SK증권,KOSPI,No
080420,모다이노칩,KOSDAQ,No
006110,삼아알미늄,KOSPI,No
094280,효성ITX,KOSPI,No
389260,대명에너지,KOSDAQ,No
006980,우성,KOSPI,No
006380,카프로,KOSPI,No
037370,EG,KOSDAQ,No
025980,아난티,KOSDAQ,No
299900,위지윅스튜디오,KOSDAQ,No
072470,우리산업홀딩스,KOSDAQ,No
027710,팜스토리,KOSDAQ,No
166480,코아스템켐온,KOSDAQ,No
468760,유진스팩10호,KOSDAQ,No
005305,롯데칠성우,KOSPI,No
000680,LS네트웍스,KOSPI,No
009070,KCTC,KOSPI,No
034590,인천도시가스,KOSPI,No
070590,한솔인티큐브,KOSDAQ,No
021880,메이슨캐피탈,KOSDAQ,No
053270,구영테크,KOSDAQ,No
338840,와이바이오로직스,KOSDAQ,No
000815,삼성화재우,KOSPI,No
024740,한일단조,KOSDAQ,No
189980,흥국에프엔비,KOSDAQ,No
019490,엑시큐어하이트론,KOSPI,No
052600,한네트,KOSDAQ,No
460930,현대힘스,KOSDAQ,No
017670,SK텔레콤,KOSPI,Yes
241520,DSC인베스트먼트,KOSDAQ,No
027360,아주IB투자,KOSDAQ,No
065450,빅텍,KOSDAQ,No
363260,모비데이즈,KOSDAQ,No
000990,DB하이텍,KOSPI,No
262260,에이프로,KOSDAQ,No
220100,퓨쳐켐,KOSDAQ,No
084180,수성웹툰,KOSDAQ,No
007110,일신석재,KOSPI,No
129920,대성하이텍,KOSDAQ,No
034230,파라다이스,KOSPI,No
269620,시스웍,KOSDAQ,No
246720,아스타,KOSDAQ,No
214430,아이쓰리시스템,KOSDAQ,No
062970,한국첨단소재,KOSDAQ,No
003000,부광약품,KOSPI,No
045970,코아시아,KOSDAQ,No
158430,아톤,KOSDAQ,No
284740,쿠쿠홈시스,KOSPI,No
215380,우정바이오,KOSDAQ,No
278280,천보,KOSDAQ,No
046940,우원개발,KOSDAQ,No
081580,성우전자,KOSDAQ,No
013000,세우글로벌,KOSPI,No
199480,뱅크웨어글로벌,KOSDAQ,No
006910,보성파워텍,KOSDAQ,No
072130,유엔젤,KOSPI,No
079980,휴비스,KOSPI,No
290380,대유,KOSDAQ,No
065170,비엘팜텍,KOSDAQ,No
264660,씨앤지하이테크,KOSDAQ,No
005430,한국공항,KOSPI,No
065770,CS,KOSDAQ,No
025440,DH오토웨어,KOSDAQ,No
007610,선도전기,KOSPI,No
217270,넵튠,KOSDAQ,No
064960,SNT모티브,KOSPI,No
067370,선바이오,KOSDAQ,No
450330,하스,KOSDAQ,No
067080,대화제약,KOSDAQ,No
019010,베뉴지,KOSDAQ,No
082740,한화엔진,KOSPI,No
011000,진원생명과학,KOSPI,No
012170,아센디오,KOSPI,No
004415,서울식품우,KOSPI,No
003465,유화증권우,KOSPI,No
002810,삼영무역,KOSPI,No
012860,모베이스전자,KOSDAQ,No
092440,기신정기,KOSPI,No
370090,퓨런티어,KOSDAQ,No
038390,레드캡투어,KOSDAQ,No
002230,피에스텍,KOSDAQ,No
476060,온코닉테라퓨틱스,KOSDAQ,No
112610,씨에스윈드,KOSPI,Yes
028100,동아지질,KOSPI,No
012330,현대모비스,KOSPI,Yes
036170,에이치엠넥스,KOSDAQ,No
002410,범양건영,KOSPI,No
365550,ESR켄달스퀘어리츠,KOSPI,No
044490,태웅,KOSDAQ,No
220260,켐트로스,KOSDAQ,No
092300,현우산업,KOSDAQ,No
188040,바이오포트,KOSDAQ,No
033160,엠케이전자,KOSDAQ,No
083930,아바코,KOSDAQ,No
112290,와이씨켐,KOSDAQ,No
012200,계양전기,KOSPI,No
333430,일승,KOSDAQ,No
058860,KTis,KOSPI,No
055550,신한지주,KOSPI,Yes
268280,미원에스씨,KOSPI,Yes
007340,DN오토모티브,KOSPI,Yes
005690,파미셀,KOSPI,No
228760,지노믹트리,KOSDAQ,No
311320,지오엘리먼트,KOSDAQ,No
001440,대한전선,KOSPI,Yes
053700,삼보모터스,KOSDAQ,No
009780,엠에스씨,KOSDAQ,No
073560,우리손에프앤지,KOSDAQ,No
036540,SFA반도체,KOSDAQ,No
000100,유한양행,KOSPI,Yes
241560,두산밥캣,KOSPI,Yes
260970,에스앤디,KOSDAQ,No
000220,유유제약,KOSPI,No
365330,에스와이스틸텍,KOSDAQ,No
357880,SKAI,KOSDAQ,No
008490,서흥,KOSPI,No
000145,하이트진로홀딩스우,KOSPI,No
039340,한국경제TV,KOSDAQ,No
267980,매일유업,KOSDAQ,No
356890,싸이버원,KOSDAQ,No
032680,소프트센,KOSDAQ,No
025320,시노펙스,KOSDAQ,No
317830,에스피시스템스,KOSDAQ,No
226320,잇츠한불,KOSPI,No
361570,알비더블유,KOSDAQ,No
432980,엠에프씨,KOSDAQ,No
004370,농심,KOSPI,Yes
139480,이마트,KOSPI,Yes
012750,에스원,KOSPI,Yes
000040,KR모터스,KOSPI,No
099410,동방선기,KOSDAQ,No
012510,더존비즈온,KOSPI,No
054220,비츠로시스,KOSDAQ,No
072870,메가스터디,KOSDAQ,No
065510,휴비츠,KOSDAQ,No
352090,스톰테크,KOSDAQ,No
038880,아이에이,KOSDAQ,No
035510,신세계 I&C,KOSPI,No
079160,CJ CGV,KOSPI,No
457600,벡트,KOSDAQ,No
042700,한미반도체,KOSPI,Yes
128540,에코캡,KOSDAQ,No
047050,포스코인터내셔널,KOSPI,Yes
014680,한솔케미칼,KOSPI,Yes
020180,대신정보통신,KOSDAQ,No
006360,GS건설,KOSPI,Yes
096350,대창솔루션,KOSDAQ,No
196700,웹스,KOSDAQ,No
237880,클리오,KOSDAQ,No
472850,폰드그룹,KOSDAQ,No
050890,쏠리드,KOSDAQ,No
458870,씨어스테크놀로지,KOSDAQ,No
005860,한일사료,KOSDAQ,No
382480,지아이텍,KOSDAQ,No
033640,네패스,KOSDAQ,No
023600,삼보판지,KOSDAQ,No
265560,영화테크,KOSDAQ,No
011760,현대코퍼레이션,KOSPI,No
352940,인바이오,KOSDAQ,No
221980,케이디켐,KOSDAQ,No
035150,백산,KOSPI,No
450950,아스테라시스,KOSDAQ,No
125020,티씨머티리얼즈,KOSDAQ,No
059210,메타바이오메드,KOSDAQ,No
405100,큐알티,KOSDAQ,No
377300,카카오페이,KOSPI,Yes
139670,키네마스터,KOSDAQ,No
138040,메리츠금융지주,KOSPI,Yes
039860,나노엔텍,KOSDAQ,No
106080,케이이엠텍,KOSDAQ,No
365270,큐라클,KOSDAQ,No
084690,대상홀딩스,KOSPI,No
022100,포스코DX,KOSPI,Yes
115570,스타플렉스,KOSDAQ,No
007120,미래아이앤지,KOSPI,No
093240,형지엘리트,KOSPI,No
318000,KBG,KOSDAQ,No
224060,더코디,KOSDAQ,No
398120,에스지헬스케어,KOSDAQ,No
000150,두산,KOSPI,Yes
017900,광전자,KOSPI,No
026890,스틱인베스트먼트,KOSPI,No
083790,CG인바이츠,KOSDAQ,No
000725,현대건설우,KOSPI,No
005870,휴니드,KOSPI,No
033230,인성정보,KOSDAQ,No
009240,한샘,KOSPI,Yes
474610,RF시스템즈,KOSDAQ,No
450940,유안타제14호스팩,KOSDAQ,No
000860,강남제비스코,KOSPI,No
446070,유니드비티플러스,KOSPI,No
003720,삼영,KOSPI,No
009415,태영건설우,KOSPI,No
348080,큐라티스,KOSDAQ,No
078140,대봉엘에스,KOSDAQ,No
000105,유한양행우,KOSPI,No
072020,중앙백신,KOSDAQ,No
111380,동인기연,KOSPI,No
073110,엘엠에스,KOSDAQ,No
000400,롯데손해보험,KOSPI,No
031210,서울보증보험,KOSPI,No
045390,대아티아이,KOSDAQ,No
257370,피엔티엠에스,KOSDAQ,No
006340,대원전선,KOSPI,No
049950,미래컴퍼니,KOSDAQ,No
108670,LX하우시스,KOSPI,No
001250,GS글로벌,KOSPI,No
088800,에이스테크,KOSDAQ,No
001200,유진투자증권,KOSPI,No
095660,네오위즈,KOSDAQ,No
013580,계룡건설,KOSPI,No
457550,우진엔텍,KOSDAQ,No
276730,한울앤제주,KOSDAQ,No
002990,금호건설,KOSPI,No
066620,국보디자인,KOSDAQ,No
455310,한화플러스제4호스팩,KOSDAQ,No
000390,삼화페인트,KOSPI,No
203650,드림시큐리티,KOSDAQ,No
054780,키이스트,KOSDAQ,No
022220,티케이지애강,KOSDAQ,No
102120,어보브반도체,KOSDAQ,No
274400,이노시뮬레이션,KOSDAQ,No
085810,알티캐스트,KOSDAQ,No
154040,다산솔루에타,KOSDAQ,No
950200,소마젠,KOSDAQ,No
332570,PS일렉트로닉스,KOSDAQ,No
059100,아이컴포넌트,KOSDAQ,No
034020,두산에너빌리티,KOSPI,Yes
153490,우리이앤엘,KOSDAQ,No
034120,SBS,KOSPI,No
105740,디케이락,KOSDAQ,No
088980,맥쿼리인프라,KOSPI,No
377740,바이오노트,KOSPI,No
240600,유진테크놀로지,KOSDAQ,No
036690,코맥스,KOSDAQ,No
330730,스톤브릿지벤처스,KOSDAQ,No
405920,나라셀라,KOSDAQ,No
308170,씨티알모빌리티,KOSPI,No
138930,BNK금융지주,KOSPI,Yes
019170,신풍제약,KOSPI,No
208710,포톤,KOSDAQ,No
141080,리가켐바이오,KOSDAQ,No
205100,엑셈,KOSDAQ,No
467930,IBKS제23호스팩,KOSDAQ,No
208140,정다운,KOSDAQ,No
317120,라닉스,KOSDAQ,No
074600,원익QnC,KOSDAQ,No
217820,원익피앤이,KOSDAQ,No
054670,대한뉴팜,KOSDAQ,No
005380,현대차,KOSPI,Yes
056080,유진로봇,KOSDAQ,No
272550,삼양패키징,KOSPI,No
128940,한미약품,KOSPI,Yes
109670,씨싸이트,KOSDAQ,No
247660,나노씨엠에스,KOSDAQ,No
010060,OCI홀딩스,KOSPI,Yes
005935,삼성전자우,KOSPI,No
178780,일월지엠엘,KOSDAQ,No
082270,젬백스,KOSDAQ,No
295310,에이치브이엠,KOSDAQ,No
031310,아이즈비전,KOSDAQ,No
071850,캐스텍코리아,KOSDAQ,No
094970,제이엠티,KOSDAQ,No
278470,에이피알,KOSPI,Yes
094850,참좋은여행,KOSDAQ,No
073640,테라사이언스,KOSDAQ,No
072990,에이치시티,KOSDAQ,No
222040,코스맥스엔비티,KOSDAQ,No
003560,IHQ,KOSPI,No
417790,트루엔,KOSDAQ,No
227950,엔투텍,KOSDAQ,No
028300,HLB,KOSDAQ,No
154030,아시아종묘,KOSDAQ,No
094840,슈프리마에이치큐,KOSDAQ,No
094170,동운아나텍,KOSDAQ,No
950110,SBI핀테크솔루션즈,KOSDAQ,No
010130,고려아연,KOSPI,Yes
004140,동방,KOSPI,No
424980,마이크로투나노,KOSDAQ,No
104200,NHN벅스,KOSDAQ,No
178920,PI첨단소재,KOSPI,No
214680,디알텍,KOSDAQ,No
024950,삼천리자전거,KOSDAQ,No
304840,피플바이오,KOSDAQ,No
263020,디케이앤디,KOSDAQ,No
091120,이엠텍,KOSDAQ,No
256150,한독크린텍,KOSDAQ,No
238490,힘스,KOSDAQ,No
011690,와이투솔루션,KOSPI,No
032280,삼일,KOSDAQ,No
359090,씨엔알리서치,KOSDAQ,No
256630,포인트엔지니어링,KOSDAQ,No
33637K,솔루스첨단소재1우,KOSPI,No
108320,LX세미콘,KOSPI,No
228850,레이언스,KOSDAQ,No
270870,뉴트리,KOSDAQ,No
101930,인화정공,KOSDAQ,No
030190,NICE평가정보,KOSPI,No
052900,KX하이텍,KOSDAQ,No
199550,레이저옵텍,KOSDAQ,No
096775,SK이노베이션우,KOSPI,No
006280,녹십자,KOSPI,Yes
091700,파트론,KOSDAQ,No
225570,넥슨게임즈,KOSDAQ,No
471050,대신밸런스제17호스팩,KOSDAQ,No
066790,씨씨에스,KOSDAQ,No
069410,엔텔스,KOSDAQ,No
088350,한화생명,KOSPI,Yes
111110,호전실업,KOSPI,No
098120,마이크로컨텍솔,KOSDAQ,No
079000,와토스코리아,KOSDAQ,No
098070,한텍,KOSDAQ,No
013720,CBI,KOSDAQ,No
276040,스코넥,KOSDAQ,No
049480,오픈베이스,KOSDAQ,No
227610,아우딘퓨쳐스,KOSDAQ,No
013810,스페코,KOSDAQ,No
102710,이엔에프테크놀로지,KOSDAQ,No
036710,심텍홀딩스,KOSDAQ,No
950220,네오이뮨텍,KOSDAQ,No
041460,한국전자인증,KOSDAQ,No
006090,사조오양,KOSPI,No
226590,엠디바이스,KOSDAQ,No
001465,BYC우,KOSPI,No
014830,유니드,KOSPI,No
004870,티웨이홀딩스,KOSPI,No
45014K,코오롱모빌리티그룹우,KOSPI,No
039490,키움증권,KOSPI,Yes
475560,더본코리아,KOSPI,No
126560,현대퓨처넷,KOSPI,No
001525,동양우,KOSPI,No
012690,모나리자,KOSPI,No
092730,네오팜,KOSDAQ,No
340930,유일에너테크,KOSDAQ,No
400760,NH올원리츠,KOSPI,No
289010,아이스크림에듀,KOSDAQ,No
402490,그린리소스,KOSDAQ,No
094360,칩스앤미디어,KOSDAQ,No
066410,버킷스튜디오,KOSDAQ,No
275630,에스에스알,KOSDAQ,No
333620,엔시스,KOSDAQ,No
388720,유일로보틱스,KOSDAQ,No
382900,범한퓨얼셀,KOSDAQ,No
003460,유화증권,KOSPI,No
257720,실리콘투,KOSDAQ,No
097800,윈팩,KOSDAQ,No
134060,이퓨쳐,KOSDAQ,No
011810,STX,KOSPI,No
079940,가비아,KOSDAQ,No
033240,자화전자,KOSPI,No
232830,아이티센피엔에스,KOSDAQ,No
099390,브레인즈컴퍼니,KOSDAQ,No
036010,아비코전자,KOSDAQ,No
042040,케이피엠테크,KOSDAQ,No
068050,팬엔터테인먼트,KOSDAQ,No
139050,BF랩스,KOSDAQ,No
347850,디앤디파마텍,KOSDAQ,No
163730,핑거,KOSDAQ,No
445180,퓨릿,KOSDAQ,No
009770,삼정펄프,KOSPI,No
328130,루닛,KOSDAQ,No
267850,아시아나IDT,KOSPI,No
464440,한국제13호스팩,KOSDAQ,No
417310,코람코더원리츠,KOSPI,No
263770,유에스티,KOSDAQ,No
203400,에이비온,KOSDAQ,No
044480,빌리언스,KOSDAQ,No
000370,한화손해보험,KOSPI,No
009290,광동제약,KOSPI,No
394280,오픈엣지테크놀로지,KOSDAQ,No
038500,삼표시멘트,KOSDAQ,No
009470,삼화전기,KOSPI,No
000440,중앙에너비스,KOSDAQ,No
033920,무학,KOSPI,No
241590,화승엔터프라이즈,KOSPI,No
443670,에스피소프트,KOSDAQ,No
064820,케이프,KOSDAQ,No
092220,KEC,KOSPI,No
053080,케이엔솔,KOSDAQ,No
053030,바이넥스,KOSDAQ,No
138610,나이벡,KOSDAQ,No
040910,아이씨디,KOSDAQ,No
030520,한글과컴퓨터,KOSDAQ,No
241820,피씨엘,KOSDAQ,No
050960,수산아이앤티,KOSDAQ,No
005990,매일홀딩스,KOSDAQ,No
020150,롯데에너지머티리얼즈,KOSPI,No
223250,드림씨아이에스,KOSDAQ,No
025530,SJM홀딩스,KOSPI,No
251970,펌텍코리아,KOSDAQ,No
024110,기업은행,KOSPI,Yes
046210,HLB파나진,KOSDAQ,No
439090,마녀공장,KOSDAQ,No
064800,포니링크,KOSDAQ,No
900340,윙입푸드,KOSDAQ,No
37550K,DL이앤씨우,KOSPI,No
101730,위메이드맥스,KOSDAQ,No
018000,유니슨,KOSDAQ,No
403870,HPSP,KOSDAQ,No
206640,바디텍메드,KOSDAQ,No
023160,태광,KOSDAQ,No
097950,CJ제일제당,KOSPI,Yes
001000,신라섬유,KOSDAQ,No
005110,한창,KOSPI,No
060980,HL홀딩스,KOSPI,No
043150,바텍,KOSDAQ,No
016600,큐캐피탈,KOSDAQ,No
007070,GS리테일,KOSPI,Yes
377190,디앤디플랫폼리츠,KOSPI,No
064760,티씨케이,KOSDAQ,No
086890,이수앱지스,KOSDAQ,No
322180,LS티라유텍,KOSDAQ,No
006920,모헨즈,KOSDAQ,No
950210,프레스티지바이오파마,KOSPI,No
122640,예스티,KOSDAQ,No
119500,포메탈,KOSDAQ,No
263800,데이타솔루션,KOSDAQ,No
024800,유성티엔에스,KOSDAQ,No
066910,손오공,KOSDAQ,No
000075,삼양홀딩스우,KOSPI,No
256940,킵스파마,KOSDAQ,No
026960,동서,KOSPI,Yes
443250,레뷰코퍼레이션,KOSDAQ,No
019770,서연탑메탈,KOSDAQ,No
019570,플루토스,KOSDAQ,No
063160,종근당바이오,KOSPI,No
417970,모델솔루션,KOSDAQ,No
348350,위드텍,KOSDAQ,No
058630,엠게임,KOSDAQ,No
025550,한국선재,KOSDAQ,No
307180,아이엘,KOSDAQ,No
149950,아바텍,KOSDAQ,No
109610,에스와이,KOSDAQ,No
038530,케이바이오,KOSDAQ,No
196170,알테오젠,KOSDAQ,No
097230,HJ중공업,KOSPI,No
297090,씨에스베어링,KOSDAQ,No
170790,파이오링크,KOSDAQ,No
002620,제일파마홀딩스,KOSPI,No
114840,아이패밀리에스씨,KOSDAQ,No
010470,오리콤,KOSDAQ,No
298380,에이비엘바이오,KOSDAQ,No
045060,오공,KOSDAQ,No
351330,이삭엔지니어링,KOSDAQ,No
290690,소룩스,KOSDAQ,No
065500,오리엔트정공,KOSDAQ,No
458610,한국제12호스팩,KOSDAQ,No
005257,녹십자홀딩스2우,KOSPI,No
102370,케이옥션,KOSDAQ,No
900120,씨엑스아이,KOSDAQ,No
058110,멕아이씨에스,KOSDAQ,No
019550,SBI인베스트먼트,KOSDAQ,No
432720,퀄리타스반도체,KOSDAQ,No
001230,동국홀딩스,KOSPI,No
001820,삼화콘덴서,KOSPI,No
017890,한국알콜,KOSDAQ,No
415640,KB발해인프라,KOSPI,No
054930,유신,KOSDAQ,No
358570,지아이이노베이션,KOSDAQ,No
043370,피에이치에이,KOSDAQ,No
493790,유안타제17호스팩,KOSDAQ,No
065130,탑엔지니어링,KOSDAQ,No
036000,예림당,KOSDAQ,No
040160,누리플렉스,KOSDAQ,No
285130,SK케미칼,KOSPI,Yes
166090,하나머티리얼즈,KOSDAQ,No
071055,한국금융지주우,KOSPI,No
368600,아이씨에이치,KOSDAQ,No
046890,서울반도체,KOSDAQ,No
060850,영림원소프트랩,KOSDAQ,No
259960,크래프톤,KOSPI,Yes
125210,아모그린텍,KOSDAQ,No
054540,삼영엠텍,KOSDAQ,No
130740,티피씨글로벌,KOSDAQ,No
010620,HD현대미포,KOSPI,Yes
117730,티로보틱스,KOSDAQ,No
010950,S-Oil,KOSPI,Yes
007700,F&F홀딩스,KOSPI,No
036460,한국가스공사,KOSPI,Yes
174900,앱클론,KOSDAQ,No
004080,신흥,KOSPI,No
950160,코오롱티슈진,KOSDAQ,No
044780,에이치케이,KOSDAQ,No
454750,하나28호스팩,KOSDAQ,No
465320,교보15호스팩,KOSDAQ,No
080470,성창오토텍,KOSDAQ,No
28513K,SK케미칼우,KOSPI,No
443060,HD현대마린솔루션,KOSPI,Yes
001270,부국증권,KOSPI,No
225590,패션플랫폼,KOSDAQ,No
271980,제일약품,KOSPI,No
033790,피노,KOSDAQ,No
010170,대한광통신,KOSDAQ,No
009190,대양금속,KOSPI,No
204630,스튜디오산타클로스,KOSDAQ,No
060380,동양에스텍,KOSDAQ,No
314930,바이오다인,KOSDAQ,No
140430,카티스,KOSDAQ,No
001550,조비,KOSPI,No
217190,제너셈,KOSDAQ,No
023000,삼원강재,KOSPI,No
053210,스카이라이프,KOSPI,No
477380,미래에셋비전스팩4호,KOSDAQ,No
000250,삼천당제약,KOSDAQ,No
216080,제테마,KOSDAQ,No
070300,엑스큐어,KOSDAQ,No
00088K,한화3우B,KOSPI,No
084010,대한제강,KOSPI,No
376900,로킷헬스케어,KOSDAQ,No
104040,대성파인텍,KOSDAQ,No
004990,롯데지주,KOSPI,Yes
258790,소프트캠프,KOSDAQ,No
008350,남선알미늄,KOSPI,No
004960,한신공영,KOSPI,No
052860,아이앤씨,KOSDAQ,No
034950,한국기업평가,KOSDAQ,No
090360,로보스타,KOSDAQ,No
005670,푸드웰,KOSDAQ,No
006125,SK디스커버리우,KOSPI,No
007280,한국특강,KOSPI,No
462980,아이지넷,KOSDAQ,No
024830,세원물산,KOSDAQ,No
060900,DGP,KOSDAQ,No
001770,SHD,KOSPI,No
003520,영진약품,KOSPI,No
271940,일진하이솔루스,KOSPI,No
489500,엘케이켐,KOSDAQ,No
063760,이엘피,KOSDAQ,No
000590,CS홀딩스,KOSPI,No
440290,HB인베스트먼트,KOSDAQ,No
215000,골프존,KOSDAQ,No
065440,이루온,KOSDAQ,No
054620,APS,KOSDAQ,No
336680,탑런토탈솔루션,KOSDAQ,No
032940,원익,KOSDAQ,No
186230,그린플러스,KOSDAQ,No
204620,글로벌텍스프리,KOSDAQ,No
094480,갤럭시아머니트리,KOSDAQ,No
006620,동구바이오제약,KOSDAQ,No
120030,조선선재,KOSPI,No
300720,한일시멘트,KOSPI,Yes
042500,링네트,KOSDAQ,No
019685,대교우B,KOSPI,No
053050,지에스이,KOSDAQ,No
041440,현대에버다임,KOSDAQ,No
303030,지니틱스,KOSDAQ,No
000180,성창기업지주,KOSPI,No
047770,코데즈컴바인,KOSDAQ,No
369370,블리츠웨이엔터테인먼트,KOSDAQ,No
005387,현대차2우B,KOSPI,No
377220,프롬바이오,KOSDAQ,No
462520,조선내화,KOSPI,No
388870,파로스아이바이오,KOSDAQ,No
114090,GKL,KOSPI,Yes
023810,인팩,KOSPI,No
004270,남성,KOSPI,No
009320,아진전자부품,KOSPI,No
002960,한국쉘석유,KOSPI,No
017000,신원종합개발,KOSDAQ,No
464580,닷밀,KOSDAQ,No
318020,포인트모바일,KOSDAQ,No
058820,CMG제약,KOSDAQ,No
475150,SK이터닉스,KOSPI,No
014160,대영포장,KOSPI,No
173940,에프엔씨엔터,KOSDAQ,No
274090,켄코아에어로스페이스,KOSDAQ,No
064520,테크엘,KOSDAQ,No
032540,TJ미디어,KOSDAQ,No
460850,동국씨엠,KOSPI,No
353810,이지바이오,KOSDAQ,No
060250,NHN KCP,KOSDAQ,No
446190,미래에셋비전스팩2호,KOSDAQ,No
180640,한진칼,KOSPI,Yes
179290,엠아이텍,KOSDAQ,No
900070,글로벌에스엠,KOSDAQ,No
077360,덕산하이메탈,KOSDAQ,No
273060,와이즈버즈,KOSDAQ,No
011280,태림포장,KOSPI,No
003470,유안타증권,KOSPI,No
073010,케이에스피,KOSDAQ,No
032500,케이엠더블유,KOSDAQ,No
049550,잉크테크,KOSDAQ,No
133820,화인베스틸,KOSPI,No
003075,코오롱글로벌우,KOSPI,No
130660,한전산업,KOSPI,No
089140,넥스턴바이오,KOSDAQ,No
219130,타이거일렉,KOSDAQ,No
246690,TS인베스트먼트,KOSDAQ,No
081000,일진다이아,KOSPI,No
101670,하이드로리튬,KOSDAQ,No
278650,HLB바이오스텝,KOSDAQ,No
090430,아모레퍼시픽,KOSPI,Yes
312610,에이에프더블류,KOSDAQ,No
096040,이트론,KOSDAQ,No
037710,광주신세계,KOSPI,No
372320,큐로셀,KOSDAQ,No
058400,KNN,KOSDAQ,No
001470,삼부토건,KOSPI,No
040610,SG&G,KOSDAQ,No
007680,대원,KOSDAQ,No
239610,에이치엘사이언스,KOSDAQ,No
109740,디에스케이,KOSDAQ,No
121440,골프존홀딩스,KOSDAQ,No
085310,엔케이,KOSPI,No
105630,한세실업,KOSPI,No
008470,부스타,KOSDAQ,No
131290,티에스이,KOSDAQ,No
001360,삼성제약,KOSPI,No
444920,유안타제11호스팩,KOSDAQ,No
006040,동원산업,KOSPI,Yes
317240,TS트릴리온,KOSDAQ,No
037400,우리엔터프라이즈,KOSDAQ,No
00781K,코리아써키트2우B,KOSPI,No
035250,강원랜드,KOSPI,Yes
047040,대우건설,KOSPI,Yes
001530,DI동일,KOSPI,No
078070,유비쿼스홀딩스,KOSDAQ,No
012160,영흥,KOSPI,No
950170,JTC,KOSDAQ,No
204270,제이앤티씨,KOSDAQ,No
013120,동원개발,KOSDAQ,No
006220,제주은행,KOSPI,No
036030,케이티알파,KOSDAQ,No
009680,모토닉,KOSPI,No
092600,앤씨앤,KOSDAQ,No
010580,에스엠벡셀,KOSPI,No
114450,그린생명과학,KOSDAQ,No
482630,삼양엔씨켐,KOSDAQ,No
011210,현대위아,KOSPI,Yes
000700,유수홀딩스,KOSPI,No
195990,에이비프로바이오,KOSDAQ,No
308100,형지글로벌,KOSDAQ,No
150900,파수,KOSDAQ,No
071200,인피니트헬스케어,KOSDAQ,No
104620,노랑풍선,KOSDAQ,No
084370,유진테크,KOSDAQ,No
119610,인터로조,KOSDAQ,No
093320,케이아이엔엑스,KOSDAQ,No
037270,YG PLUS,KOSPI,No
005180,빙그레,KOSPI,No
950130,엑세스바이오,KOSDAQ,No
009180,한솔로지스틱스,KOSPI,No
484810,티엑스알로보틱스,KOSDAQ,No
011300,성안머티리얼스,KOSPI,No
478390,KB제29호스팩,KOSDAQ,No
060590,씨티씨바이오,KOSDAQ,No
138360,협진,KOSDAQ,No
062040,산일전기,KOSPI,No
012280,영화금속,KOSPI,No
145020,휴젤,KOSDAQ,No
463480,모티브링크,KOSDAQ,No
014820,동원시스템즈,KOSPI,Yes
003300,한일홀딩스,KOSPI,No
129890,앱코,KOSDAQ,No
016250,SGC E&C,KOSDAQ,No
036420,콘텐트리중앙,KOSPI,No
031430,신세계인터내셔날,KOSPI,No
306040,에스제이그룹,KOSDAQ,No
011155,CJ씨푸드1우,KOSPI,No
042000,카페24,KOSDAQ,No
138080,오이솔루션,KOSDAQ,No
088790,진도,KOSPI,No
082800,비보존 제약,KOSDAQ,No
488060,유진스팩11호,KOSDAQ,No
363280,티와이홀딩스,KOSPI,No
126340,비나텍,KOSDAQ,No
086710,선진뷰티사이언스,KOSDAQ,No
040420,정상제이엘에스,KOSDAQ,No
005030,부산주공,KOSPI,No
293780,압타바이오,KOSDAQ,No
002700,신일전자,KOSPI,No
101490,에스앤에스텍,KOSDAQ,No
161000,애경케미칼,KOSPI,No
006805,미래에셋증권우,KOSPI,No
459100,위츠,KOSDAQ,No
002600,조흥,KOSPI,No
217620,선샤인푸드,KOSDAQ,No
189860,서전기전,KOSDAQ,No
194700,노바렉스,KOSDAQ,No
015590,DKME,KOSPI,No
049180,셀루메드,KOSDAQ,No
351870,차이커뮤니케이션,KOSDAQ,No
055490,테이팩스,KOSPI,No
458650,성우,KOSDAQ,No
492220,KB제31호스팩,KOSDAQ,No
483650,달바글로벌,KOSPI,No
024070,WISCOM,KOSPI,No
117670,알파칩스,KOSDAQ,No
051900,LG생활건강,KOSPI,Yes
016800,퍼시스,KOSPI,No
002795,아모레퍼시픽홀딩스우,KOSPI,No
099520,DGI,KOSDAQ,No
005880,대한해운,KOSPI,No
042670,HD현대인프라코어,KOSPI,Yes
082850,우리바이오,KOSDAQ,No
076610,해성옵틱스,KOSDAQ,No
002710,TCC스틸,KOSPI,Yes
307950,현대오토에버,KOSPI,No
106190,하이텍팜,KOSDAQ,No
043360,디지아이,KOSDAQ,No
256840,한국비엔씨,KOSDAQ,No
048830,엔피케이,KOSDAQ,No
008830,대동기어,KOSDAQ,No
011930,신성이엔지,KOSPI,No
317330,덕산테코피아,KOSDAQ,No
377330,이지트로닉스,KOSDAQ,No
065530,와이어블,KOSDAQ,No
123040,엠에스오토텍,KOSDAQ,No
054210,이랜텍,KOSDAQ,No
032980,바이온,KOSDAQ,No
097870,효성오앤비,KOSDAQ,No
478110,이베스트스팩6호,KOSDAQ,No
446840,키움제8호스팩,KOSDAQ,No
950190,고스트스튜디오,KOSDAQ,No
003220,대원제약,KOSPI,No
208640,썸에이지,KOSDAQ,No
039420,케이엘넷,KOSDAQ,No
003475,유안타증권우,KOSPI,No
00680K,미래에셋증권2우B,KOSPI,No
311390,네오크레마,KOSDAQ,No
090370,메타랩스,KOSPI,No
237690,에스티팜,KOSDAQ,No
228670,레이,KOSDAQ,No
086040,바이오톡스텍,KOSDAQ,No
204840,지엘팜텍,KOSDAQ,No
051160,지어소프트,KOSDAQ,No
004450,삼화왕관,KOSPI,No
066590,우수AMS,KOSDAQ,No
161390,한국타이어앤테크놀로지,KOSPI,Yes
472220,신영스팩10호,KOSDAQ,No
058610,에스피지,KOSDAQ,No
023150,MH에탄올,KOSPI,No
389030,지니너스,KOSDAQ,No
002420,세기상사,KOSPI,No
084650,랩지노믹스,KOSDAQ,No
001790,대한제당,KOSPI,No
017800,현대엘리베이터,KOSPI,Yes
078930,GS,KOSPI,Yes
450080,에코프로머티,KOSPI,Yes
127980,화인써키트,KOSDAQ,No
412540,제일엠앤에스,KOSDAQ,No
033310,엠투엔,KOSDAQ,No
318160,셀바이오휴먼텍,KOSDAQ,No
004150,한솔홀딩스,KOSPI,No
006660,삼성공조,KOSPI,No
063170,서울옥션,KOSDAQ,No
027410,BGF,KOSPI,No
018120,진로발효,KOSDAQ,No
454640,하나29호스팩,KOSDAQ,No
075130,플랜티넷,KOSDAQ,No
001260,남광토건,KOSPI,No
145170,노브랜드,KOSDAQ,No
240550,동방메디컬,KOSDAQ,No
049960,쎌바이오텍,KOSDAQ,No
016670,디모아,KOSDAQ,No
339770,교촌에프앤비,KOSPI,No
263690,디알젬,KOSDAQ,No
095910,에스에너지,KOSDAQ,No
003060,에이프로젠바이오로직스,KOSPI,No
286940,롯데이노베이트,KOSPI,No
417840,저스템,KOSDAQ,No
018310,삼목에스폼,KOSDAQ,No
032620,유비케어,KOSDAQ,No
041960,코미팜,KOSDAQ,No
182360,큐브엔터,KOSDAQ,No
123860,아나패스,KOSDAQ,No
487830,신한제15호스팩,KOSDAQ,No
391710,코닉오토메이션,KOSDAQ,No
088340,유라클,KOSDAQ,No
004840,DRB동일,KOSPI,No
123010,아이윈플러스,KOSDAQ,No
007820,에스엠코어,KOSDAQ,No
029480,광무,KOSDAQ,No
001750,한양증권,KOSPI,No
445360,비엔케이제1호스팩,KOSDAQ,No
090470,제이스텍,KOSDAQ,No
011320,유니크,KOSDAQ,No
119850,지엔씨에너지,KOSDAQ,No
056360,코위버,KOSDAQ,No
001045,CJ우,KOSPI,No
347770,핌스,KOSDAQ,No
088390,이녹스,KOSDAQ,No
440110,파두,KOSDAQ,No
047080,한빛소프트,KOSDAQ,No
079170,한창산업,KOSDAQ,No
234080,JW생명과학,KOSPI,No
251630,브이원텍,KOSDAQ,No
251370,와이엠티,KOSDAQ,No
002290,삼일기업공사,KOSDAQ,No
413630,씨피시스템,KOSDAQ,No
087010,펩트론,KOSDAQ,No
382150,온코크로스,KOSDAQ,No
419120,산돌,KOSDAQ,No
001500,현대차증권,KOSPI,No
008730,율촌화학,KOSPI,Yes
196490,디에이테크놀로지,KOSDAQ,No
031980,피에스케이홀딩스,KOSDAQ,No
251270,넷마블,KOSPI,Yes
054950,제이브이엠,KOSDAQ,No
131100,티엔엔터테인먼트,KOSDAQ,No
397030,에이프릴바이오,KOSDAQ,No
042600,새로닉스,KOSDAQ,No
006390,한일현대시멘트,KOSPI,No
006370,대구백화점,KOSPI,No
187420,HLB제넥스,KOSDAQ,No
029460,케이씨,KOSPI,No
093230,이아이디,KOSPI,No
009620,삼보산업,KOSDAQ,No
408900,스튜디오미르,KOSDAQ,No
032800,판타지오,KOSDAQ,No
099440,스맥,KOSDAQ,No
064090,인크레더블버즈,KOSDAQ,No
412350,레이저쎌,KOSDAQ,No
038060,루멘스,KOSDAQ,No
251120,바이오에프디엔씨,KOSDAQ,No
023900,풍국주정,KOSDAQ,No
043200,파루,KOSDAQ,No
254120,자비스,KOSDAQ,No
009830,한화솔루션,KOSPI,Yes
089150,케이씨티,KOSDAQ,No
203450,유니온바이오메트릭스,KOSDAQ,No
218410,RFHIC,KOSDAQ,No
018620,우진비앤지,KOSDAQ,No
090350,노루페인트,KOSPI,No
069460,대호에이엘,KOSPI,No
004540,깨끗한나라,KOSPI,No
020120,키다리스튜디오,KOSPI,No
471820,셀로맥스사이언스,KOSDAQ,No
002720,국제약품,KOSPI,No
003010,혜인,KOSPI,No
036090,위지트,KOSDAQ,No
025000,KPX케미칼,KOSPI,No
120115,코오롱인더우,KOSPI,No
196300,HLB펩,KOSDAQ,No
045340,토탈소프트,KOSDAQ,No
000670,영풍,KOSPI,Yes
099320,쎄트렉아이,KOSDAQ,No
015890,태경산업,KOSPI,No
010240,흥국,KOSDAQ,No
130580,나이스디앤비,KOSDAQ,No
484870,엠앤씨솔루션,KOSPI,No
306200,세아제강,KOSPI,No
008500,일정실업,KOSPI,No
469480,IBKS제24호스팩,KOSDAQ,No
091440,한울소재과학,KOSDAQ,No
123890,한국자산신탁,KOSPI,No
000230,일동홀딩스,KOSPI,No
007330,푸른저축은행,KOSDAQ,No
096630,에스코넥,KOSDAQ,No
004490,세방전지,KOSPI,Yes
002840,미원상사,KOSPI,Yes
067390,아스트,KOSDAQ,No
065690,파커스,KOSDAQ,No
332290,누보,KOSDAQ,No
100700,세운메디칼,KOSDAQ,No
009160,SIMPAC,KOSPI,No
065710,서호전기,KOSDAQ,No
208340,파멥신,KOSDAQ,No
296640,이노룰스,KOSDAQ,No
294870,HDC현대산업개발,KOSPI,No
121890,에스디시스템,KOSDAQ,No
079550,LIG넥스원,KOSPI,Yes
000640,동아쏘시오홀딩스,KOSPI,No
069080,웹젠,KOSDAQ,No
006490,인스코비,KOSPI,No
122990,와이솔,KOSDAQ,No
213500,한솔제지,KOSPI,No
